date,ticker,group,close,volume
2020-09-29,NVDA,High-Growth Tech,13.18,621460000
2020-09-30,NVDA,High-Growth Tech,13.49,689184000
2020-10-01,NVDA,High-Growth Tech,13.57,525004000
2020-10-02,NVDA,High-Growth Tech,13.02,552496000
2020-10-05,NVDA,High-Growth Tech,13.6,479820000
2020-10-06,NVDA,High-Growth Tech,13.69,784420000
2020-10-07,NVDA,High-Growth Tech,13.92,418084000
2020-10-08,NVDA,High-Growth Tech,13.8,378900000
2020-10-09,NVDA,High-Growth Tech,13.72,346892000
2020-10-12,NVDA,High-Growth Tech,14.18,434744000
2020-10-13,NVDA,High-Growth Tech,14.2,344604000
2020-10-14,NVDA,High-Growth Tech,14.05,276100000
2020-10-15,NVDA,High-Growth Tech,13.93,267224000
2020-10-16,NVDA,High-Growth Tech,13.77,242392000
2020-10-19,NVDA,High-Growth Tech,13.46,298068000
2020-10-20,NVDA,High-Growth Tech,13.6,229212000
2020-10-21,NVDA,High-Growth Tech,13.48,219596000
2020-10-22,NVDA,High-Growth Tech,13.32,290480000
2020-10-23,NVDA,High-Growth Tech,13.55,233484000
2020-10-26,NVDA,High-Growth Tech,13.1,336896000
2020-10-27,NVDA,High-Growth Tech,13.35,250520000
2020-10-28,NVDA,High-Growth Tech,12.59,376520000
2020-10-29,NVDA,High-Growth Tech,12.98,320080000
2020-10-30,NVDA,High-Growth Tech,12.49,416820000
2020-11-02,NVDA,High-Growth Tech,12.54,299652000
2020-11-03,NVDA,High-Growth Tech,12.98,272900000
2020-11-04,NVDA,High-Growth Tech,13.75,410228000
2020-11-05,NVDA,High-Growth Tech,14.12,319028000
2020-11-06,NVDA,High-Growth Tech,14.52,383348000
2020-11-09,NVDA,High-Growth Tech,13.59,582976000
2020-11-10,NVDA,High-Growth Tech,12.73,644068000
2020-11-11,NVDA,High-Growth Tech,13.38,404744000
2020-11-12,NVDA,High-Growth Tech,13.41,365812000
2020-11-13,NVDA,High-Growth Tech,13.26,346312000
2020-11-16,NVDA,High-Growth Tech,13.47,413776000
2020-11-17,NVDA,High-Growth Tech,13.38,312028000
2020-11-18,NVDA,High-Growth Tech,13.39,510924000
2020-11-19,NVDA,High-Growth Tech,13.4,565936000
2020-11-20,NVDA,High-Growth Tech,13.05,341088000
2020-11-23,NVDA,High-Growth Tech,13.1,361356000
2020-11-24,NVDA,High-Growth Tech,12.92,346500000
2020-11-25,NVDA,High-Growth Tech,13.19,259916000
2020-11-27,NVDA,High-Growth Tech,13.22,167276000
2020-11-30,NVDA,High-Growth Tech,13.36,286952000
2020-12-01,NVDA,High-Growth Tech,13.35,296948000
2020-12-02,NVDA,High-Growth Tech,13.5,283360000
2020-12-03,NVDA,High-Growth Tech,13.36,199520000
2020-12-04,NVDA,High-Growth Tech,13.52,202244000
2020-12-07,NVDA,High-Growth Tech,13.57,223244000
2020-12-08,NVDA,High-Growth Tech,13.31,271920000
2020-12-09,NVDA,High-Growth Tech,12.89,401300000
2020-12-10,NVDA,High-Growth Tech,12.94,207764000
2020-12-11,NVDA,High-Growth Tech,12.98,209264000
2020-12-14,NVDA,High-Growth Tech,13.27,270156000
2020-12-15,NVDA,High-Growth Tech,13.32,193016000
2020-12-16,NVDA,High-Growth Tech,13.2,223116000
2020-12-17,NVDA,High-Growth Tech,13.3,231384000
2020-12-18,NVDA,High-Growth Tech,13.23,342064000
2020-12-21,NVDA,High-Growth Tech,13.29,302332000
2020-12-22,NVDA,High-Growth Tech,13.24,185580000
2020-12-23,NVDA,High-Growth Tech,12.97,179144000
2020-12-24,NVDA,High-Growth Tech,12.96,97884000
2020-12-28,NVDA,High-Growth Tech,12.86,212564000
2020-12-29,NVDA,High-Growth Tech,12.91,170372000
2020-12-30,NVDA,High-Growth Tech,13.11,225396000
2020-12-31,NVDA,High-Growth Tech,13.02,192424000
2021-01-04,NVDA,High-Growth Tech,13.08,560640000
2021-01-05,NVDA,High-Growth Tech,13.37,322760000
2021-01-06,NVDA,High-Growth Tech,12.58,580424000
2021-01-07,NVDA,High-Growth Tech,13.31,461480000
2021-01-08,NVDA,High-Growth Tech,13.24,292528000
2021-01-11,NVDA,High-Growth Tech,13.58,518344000
2021-01-12,NVDA,High-Growth Tech,13.45,291476000
2021-01-13,NVDA,High-Growth Tech,13.49,210028000
2021-01-14,NVDA,High-Growth Tech,13.16,283120000
2021-01-15,NVDA,High-Growth Tech,12.82,277780000
2021-01-19,NVDA,High-Growth Tech,12.99,226188000
2021-01-20,NVDA,High-Growth Tech,13.33,258572000
2021-01-21,NVDA,High-Growth Tech,13.83,337780000
2021-01-22,NVDA,High-Growth Tech,13.67,246820000
2021-01-25,NVDA,High-Growth Tech,13.61,251112000
2021-01-26,NVDA,High-Growth Tech,13.4,163980000
2021-01-27,NVDA,High-Growth Tech,12.88,371272000
2021-01-28,NVDA,High-Growth Tech,13.01,228316000
2021-01-29,NVDA,High-Growth Tech,12.95,271552000
2021-02-01,NVDA,High-Growth Tech,13.2,217204000
2021-02-02,NVDA,High-Growth Tech,13.52,220440000
2021-02-03,NVDA,High-Growth Tech,13.49,245408000
2021-02-04,NVDA,High-Growth Tech,13.63,201340000
2021-02-05,NVDA,High-Growth Tech,13.55,169152000
2021-02-08,NVDA,High-Growth Tech,14.4,434624000
2021-02-09,NVDA,High-Growth Tech,14.22,287560000
2021-02-10,NVDA,High-Growth Tech,14.72,485352000
2021-02-11,NVDA,High-Growth Tech,15.21,450828000
2021-02-12,NVDA,High-Growth Tech,14.92,374756000
2021-02-16,NVDA,High-Growth Tech,15.29,321960000
2021-02-17,NVDA,High-Growth Tech,14.86,274756000
2021-02-18,NVDA,High-Growth Tech,14.79,233868000
2021-02-19,NVDA,High-Growth Tech,14.88,271724000
2021-02-22,NVDA,High-Growth Tech,14.31,325884000
2021-02-23,NVDA,High-Growth Tech,14.1,391780000
2021-02-24,NVDA,High-Growth Tech,14.46,448320000
2021-02-25,NVDA,High-Growth Tech,13.27,824436000
2021-02-26,NVDA,High-Growth Tech,13.68,500932000
2021-03-01,NVDA,High-Growth Tech,13.8,353184000
2021-03-02,NVDA,High-Growth Tech,13.37,264116000
2021-03-03,NVDA,High-Growth Tech,12.77,377592000
2021-03-04,NVDA,High-Growth Tech,12.33,573344000
2021-03-05,NVDA,High-Growth Tech,12.43,542840000
2021-03-08,NVDA,High-Growth Tech,11.56,543112000
2021-03-09,NVDA,High-Growth Tech,12.49,521824000
2021-03-10,NVDA,High-Growth Tech,12.44,384376000
2021-03-11,NVDA,High-Growth Tech,12.96,299916000
2021-03-12,NVDA,High-Growth Tech,12.82,243964000
2021-03-15,NVDA,High-Growth Tech,13.16,221988000
2021-03-16,NVDA,High-Growth Tech,13.26,272128000
2021-03-17,NVDA,High-Growth Tech,13.31,243864000
2021-03-18,NVDA,High-Growth Tech,12.69,293896000
2021-03-19,NVDA,High-Growth Tech,12.81,299208000
2021-03-22,NVDA,High-Growth Tech,13.15,297804000
2021-03-23,NVDA,High-Growth Tech,13.04,222048000
2021-03-24,NVDA,High-Growth Tech,12.61,245840000
2021-03-25,NVDA,High-Growth Tech,12.5,295144000
2021-03-26,NVDA,High-Growth Tech,12.81,363968000
2021-03-29,NVDA,High-Growth Tech,12.92,273520000
2021-03-30,NVDA,High-Growth Tech,12.84,200204000
2021-03-31,NVDA,High-Growth Tech,13.31,314776000
2021-04-01,NVDA,High-Growth Tech,13.78,308276000
2021-04-05,NVDA,High-Growth Tech,13.95,255672000
2021-04-06,NVDA,High-Growth Tech,13.83,191744000
2021-04-07,NVDA,High-Growth Tech,14.11,251284000
2021-04-08,NVDA,High-Growth Tech,14.28,244416000
2021-04-09,NVDA,High-Growth Tech,14.36,195172000
2021-04-12,NVDA,High-Growth Tech,15.17,869324000
2021-04-13,NVDA,High-Growth Tech,15.64,676212000
2021-04-14,NVDA,High-Growth Tech,15.24,385500000
2021-04-15,NVDA,High-Growth Tech,16.1,598480000
2021-04-16,NVDA,High-Growth Tech,15.87,335208000
2021-04-19,NVDA,High-Growth Tech,15.32,404420000
2021-04-20,NVDA,High-Growth Tech,15.13,334132000
2021-04-21,NVDA,High-Growth Tech,15.32,216776000
2021-04-22,NVDA,High-Growth Tech,14.81,277788000
2021-04-23,NVDA,High-Growth Tech,15.23,227500000
2021-04-26,NVDA,High-Growth Tech,15.44,197796000
2021-04-27,NVDA,High-Growth Tech,15.34,164572000
2021-04-28,NVDA,High-Growth Tech,15.24,209416000
2021-04-29,NVDA,High-Growth Tech,15.29,173196000
2021-04-30,NVDA,High-Growth Tech,14.97,201912000
2021-05-03,NVDA,High-Growth Tech,14.8,203912000
2021-05-04,NVDA,High-Growth Tech,14.32,405324000
2021-05-05,NVDA,High-Growth Tech,14.42,292024000
2021-05-06,NVDA,High-Growth Tech,14.49,193380000
2021-05-07,NVDA,High-Growth Tech,14.78,229328000
2021-05-10,NVDA,High-Growth Tech,14.23,268904000
2021-05-11,NVDA,High-Growth Tech,14.27,285584000
2021-05-12,NVDA,High-Growth Tech,13.72,303408000
2021-05-13,NVDA,High-Growth Tech,13.63,285404000
2021-05-14,NVDA,High-Growth Tech,14.21,258616000
2021-05-17,NVDA,High-Growth Tech,14.13,216980000
2021-05-18,NVDA,High-Growth Tech,13.98,186256000
2021-05-19,NVDA,High-Growth Tech,14.03,344000000
2021-05-20,NVDA,High-Growth Tech,14.58,321592000
2021-05-21,NVDA,High-Growth Tech,14.95,672992000
2021-05-24,NVDA,High-Growth Tech,15.57,554816000
2021-05-25,NVDA,High-Growth Tech,15.61,435408000
2021-05-26,NVDA,High-Growth Tech,15.66,370440000
2021-05-27,NVDA,High-Growth Tech,15.45,581476000
2021-05-28,NVDA,High-Growth Tech,16.2,644536000
2021-06-01,NVDA,High-Growth Tech,16.22,472804000
2021-06-02,NVDA,High-Growth Tech,16.74,594168000
2021-06-03,NVDA,High-Growth Tech,16.93,580008000
2021-06-04,NVDA,High-Growth Tech,17.53,617120000
2021-06-07,NVDA,High-Growth Tech,17.57,575756000
2021-06-08,NVDA,High-Growth Tech,17.41,323848000
2021-06-09,NVDA,High-Growth Tech,17.32,381656000
2021-06-10,NVDA,High-Growth Tech,17.39,287772000
2021-06-11,NVDA,High-Growth Tech,17.78,416308000
2021-06-14,NVDA,High-Growth Tech,17.98,321376000
2021-06-15,NVDA,High-Growth Tech,17.75,243032000
2021-06-16,NVDA,High-Growth Tech,17.77,307124000
2021-06-17,NVDA,High-Growth Tech,18.61,809656000
2021-06-18,NVDA,High-Growth Tech,18.6,968856000
2021-06-21,NVDA,High-Growth Tech,18.39,672384000
2021-06-22,NVDA,High-Growth Tech,18.84,580144000
2021-06-23,NVDA,High-Growth Tech,19.01,332356000
2021-06-24,NVDA,High-Growth Tech,19.16,320924000
2021-06-25,NVDA,High-Growth Tech,18.99,278364000
2021-06-28,NVDA,High-Growth Tech,19.94,495436000
2021-06-29,NVDA,High-Growth Tech,19.98,367632000
2021-06-30,NVDA,High-Growth Tech,19.96,326568000
2021-07-01,NVDA,High-Growth Tech,20.17,480136000
2021-07-02,NVDA,High-Growth Tech,20.44,342764000
2021-07-06,NVDA,High-Growth Tech,20.65,446708000
2021-07-07,NVDA,High-Growth Tech,20.33,418428000
2021-07-08,NVDA,High-Growth Tech,19.86,503300000
2021-07-09,NVDA,High-Growth Tech,20.0,296624000
2021-07-12,NVDA,High-Growth Tech,20.47,321984000
2021-07-13,NVDA,High-Growth Tech,20.2,290708000
2021-07-14,NVDA,High-Growth Tech,19.8,380100000
2021-07-15,NVDA,High-Growth Tech,18.92,550564000
2021-07-16,NVDA,High-Growth Tech,18.12,688224000
2021-07-19,NVDA,High-Growth Tech,18.74,749060000
2021-07-20,NVDA,High-Growth Tech,18.57,434687000
2021-07-21,NVDA,High-Growth Tech,19.37,371017000
2021-07-22,NVDA,High-Growth Tech,19.55,323826000
2021-07-23,NVDA,High-Growth Tech,19.51,195672000
2021-07-26,NVDA,High-Growth Tech,19.25,203943000
2021-07-27,NVDA,High-Growth Tech,19.16,248863000
2021-07-28,NVDA,High-Growth Tech,19.46,202191000
2021-07-29,NVDA,High-Growth Tech,19.62,190781000
2021-07-30,NVDA,High-Growth Tech,19.45,183497000
2021-08-02,NVDA,High-Growth Tech,19.7,217444000
2021-08-03,NVDA,High-Growth Tech,19.77,301811000
2021-08-04,NVDA,High-Growth Tech,20.23,231309000
2021-08-05,NVDA,High-Growth Tech,20.59,211435000
2021-08-06,NVDA,High-Growth Tech,20.32,178497000
2021-08-09,NVDA,High-Growth Tech,20.25,146443000
2021-08-10,NVDA,High-Growth Tech,19.89,179238000
2021-08-11,NVDA,High-Growth Tech,19.65,185925000
2021-08-12,NVDA,High-Growth Tech,19.86,151652000
2021-08-13,NVDA,High-Growth Tech,20.14,183063000
2021-08-16,NVDA,High-Growth Tech,19.9,210876000
2021-08-17,NVDA,High-Growth Tech,19.41,204585000
2021-08-18,NVDA,High-Growth Tech,19.0,285913000
2021-08-19,NVDA,High-Growth Tech,19.75,766555000
2020-09-29,TSLA,High-Growth Tech,139.69,150657900
2020-09-30,TSLA,High-Growth Tech,143.0,144436800
2020-10-01,TSLA,High-Growth Tech,149.39,152224500
2020-10-02,TSLA,High-Growth Tech,138.36,214290000
2020-10-05,TSLA,High-Growth Tech,141.89,134168400
2020-10-06,TSLA,High-Growth Tech,137.99,147438900
2020-10-07,TSLA,High-Growth Tech,141.77,129383100
2020-10-08,TSLA,High-Growth Tech,141.97,121263300
2020-10-09,TSLA,High-Growth Tech,144.67,86777100
2020-10-12,TSLA,High-Growth Tech,147.43,116373300
2020-10-13,TSLA,High-Growth Tech,148.88,103391100
2020-10-14,TSLA,High-Growth Tech,153.77,143639100
2020-10-15,TSLA,High-Growth Tech,149.63,107017200
2020-10-16,TSLA,High-Growth Tech,146.56,98327700
2020-10-19,TSLA,High-Growth Tech,143.61,108863400
2020-10-20,TSLA,High-Growth Tech,140.65,94968900
2020-10-21,TSLA,High-Growth Tech,140.88,97111500
2020-10-22,TSLA,High-Growth Tech,141.93,119979600
2020-10-23,TSLA,High-Growth Tech,140.21,101151000
2020-10-26,TSLA,High-Growth Tech,140.09,84717600
2020-10-27,TSLA,High-Growth Tech,141.56,68059500
2020-10-28,TSLA,High-Growth Tech,135.34,76354200
2020-10-29,TSLA,High-Growth Tech,136.94,67965900
2020-10-30,TSLA,High-Growth Tech,129.35,127533900
2020-11-02,TSLA,High-Growth Tech,133.5,87063300
2020-11-03,TSLA,High-Growth Tech,141.3,103055100
2020-11-04,TSLA,High-Growth Tech,140.33,96429300
2020-11-05,TSLA,High-Growth Tech,146.03,85243500
2020-11-06,TSLA,High-Growth Tech,143.32,65118000
2020-11-09,TSLA,High-Growth Tech,140.42,104499000
2020-11-10,TSLA,High-Growth Tech,136.79,90852600
2020-11-11,TSLA,High-Growth Tech,139.04,52073100
2020-11-12,TSLA,High-Growth Tech,137.25,59565300
2020-11-13,TSLA,High-Growth Tech,136.17,59313300
2020-11-16,TSLA,High-Growth Tech,136.03,80515800
2020-11-17,TSLA,High-Growth Tech,147.2,183564900
2020-11-18,TSLA,High-Growth Tech,162.21,234132000
2020-11-19,TSLA,High-Growth Tech,166.42,187425900
2020-11-20,TSLA,High-Growth Tech,163.2,98735700
2020-11-23,TSLA,High-Growth Tech,173.95,150780900
2020-11-24,TSLA,High-Growth Tech,185.13,160945500
2020-11-25,TSLA,High-Growth Tech,191.33,146790600
2020-11-27,TSLA,High-Growth Tech,195.25,112683300
2020-11-30,TSLA,High-Growth Tech,189.2,189009300
2020-12-01,TSLA,High-Growth Tech,194.92,120310500
2020-12-02,TSLA,High-Growth Tech,189.61,143327100
2020-12-03,TSLA,High-Growth Tech,197.79,127656000
2020-12-04,TSLA,High-Growth Tech,199.68,88203900
2020-12-07,TSLA,High-Growth Tech,213.92,168929100
2020-12-08,TSLA,High-Growth Tech,216.63,192795000
2020-12-09,TSLA,High-Growth Tech,201.49,213873600
2020-12-10,TSLA,High-Growth Tech,209.02,201249600
2020-12-11,TSLA,High-Growth Tech,203.33,139425000
2020-12-14,TSLA,High-Growth Tech,213.28,156121800
2020-12-15,TSLA,High-Growth Tech,211.08,135214500
2020-12-16,TSLA,High-Growth Tech,207.59,126287400
2020-12-17,TSLA,High-Growth Tech,218.63,168810300
2020-12-18,TSLA,High-Growth Tech,231.67,666378600
2020-12-21,TSLA,High-Growth Tech,216.62,174135900
2020-12-22,TSLA,High-Growth Tech,213.45,155148000
2020-12-23,TSLA,High-Growth Tech,215.33,99519000
2020-12-24,TSLA,High-Growth Tech,220.59,68596800
2020-12-28,TSLA,High-Growth Tech,221.23,96835800
2020-12-29,TSLA,High-Growth Tech,222.0,68732400
2020-12-30,TSLA,High-Growth Tech,231.59,128538000
2020-12-31,TSLA,High-Growth Tech,235.22,148949700
2021-01-04,TSLA,High-Growth Tech,243.26,145914600
2021-01-05,TSLA,High-Growth Tech,245.04,96735600
2021-01-06,TSLA,High-Growth Tech,251.99,134100000
2021-01-07,TSLA,High-Growth Tech,272.01,154496700
2021-01-08,TSLA,High-Growth Tech,293.34,225166500
2021-01-11,TSLA,High-Growth Tech,270.4,177904800
2021-01-12,TSLA,High-Growth Tech,283.15,138812100
2021-01-13,TSLA,High-Growth Tech,284.8,99937500
2021-01-14,TSLA,High-Growth Tech,281.67,93798900
2021-01-15,TSLA,High-Growth Tech,275.39,116332800
2021-01-19,TSLA,High-Growth Tech,281.52,76101000
2021-01-20,TSLA,High-Growth Tech,283.48,76997700
2021-01-21,TSLA,High-Growth Tech,281.66,61563300
2021-01-22,TSLA,High-Growth Tech,282.21,60199500
2021-01-25,TSLA,High-Growth Tech,293.6,123520200
2021-01-26,TSLA,High-Growth Tech,294.36,69394800
2021-01-27,TSLA,High-Growth Tech,288.05,82002000
2021-01-28,TSLA,High-Growth Tech,278.48,79134000
2021-01-29,TSLA,High-Growth Tech,264.51,104972400
2021-02-01,TSLA,High-Growth Tech,279.94,76174200
2021-02-02,TSLA,High-Growth Tech,290.93,73038600
2021-02-03,TSLA,High-Growth Tech,284.9,55030500
2021-02-04,TSLA,High-Growth Tech,283.33,47438100
2021-02-05,TSLA,High-Growth Tech,284.08,55699800
2021-02-08,TSLA,High-Growth Tech,287.81,60485100
2021-02-09,TSLA,High-Growth Tech,283.15,45473100
2021-02-10,TSLA,High-Growth Tech,268.27,108648300
2021-02-11,TSLA,High-Growth Tech,270.55,64868400
2021-02-12,TSLA,High-Growth Tech,272.04,71304900
2021-02-16,TSLA,High-Growth Tech,265.41,59406900
2021-02-17,TSLA,High-Growth Tech,266.05,77989500
2021-02-18,TSLA,High-Growth Tech,262.46,53871300
2021-02-19,TSLA,High-Growth Tech,260.43,56874900
2021-02-22,TSLA,High-Growth Tech,238.17,111809100
2021-02-23,TSLA,High-Growth Tech,232.95,199820700
2021-02-24,TSLA,High-Growth Tech,247.34,110301000
2021-02-25,TSLA,High-Growth Tech,227.41,117071700
2021-02-26,TSLA,High-Growth Tech,225.17,123267600
2021-03-01,TSLA,High-Growth Tech,239.48,81408600
2021-03-02,TSLA,High-Growth Tech,228.81,71196600
2021-03-03,TSLA,High-Growth Tech,217.73,90624000
2021-03-04,TSLA,High-Growth Tech,207.15,197758500
2021-03-05,TSLA,High-Growth Tech,199.32,268189500
2021-03-08,TSLA,High-Growth Tech,187.67,155361000
2021-03-09,TSLA,High-Growth Tech,224.53,202569900
2021-03-10,TSLA,High-Growth Tech,222.69,181817100
2021-03-11,TSLA,High-Growth Tech,233.2,108761700
2021-03-12,TSLA,High-Growth Tech,231.24,100751400
2021-03-15,TSLA,High-Growth Tech,235.98,88006800
2021-03-16,TSLA,High-Growth Tech,225.63,96587100
2021-03-17,TSLA,High-Growth Tech,233.94,121117500
2021-03-18,TSLA,High-Growth Tech,217.72,99674400
2021-03-19,TSLA,High-Growth Tech,218.29,128682000
2021-03-22,TSLA,High-Growth Tech,223.33,118536600
2021-03-23,TSLA,High-Growth Tech,220.72,91475700
2021-03-24,TSLA,High-Growth Tech,210.09,101385600
2021-03-25,TSLA,High-Growth Tech,213.46,117674700
2021-03-26,TSLA,High-Growth Tech,206.24,101558400
2021-03-29,TSLA,High-Growth Tech,203.76,85911000
2021-03-30,TSLA,High-Growth Tech,211.87,118297200
2021-03-31,TSLA,High-Growth Tech,222.64,100011900
2021-04-01,TSLA,High-Growth Tech,220.58,105895200
2021-04-05,TSLA,High-Growth Tech,230.35,125528400
2021-04-06,TSLA,High-Growth Tech,230.54,84815400
2021-04-07,TSLA,High-Growth Tech,223.66,78928200
2021-04-08,TSLA,High-Growth Tech,227.93,71772900
2021-04-09,TSLA,High-Growth Tech,225.67,64311300
2021-04-12,TSLA,High-Growth Tech,233.99,87407100
2021-04-13,TSLA,High-Growth Tech,254.11,133958400
2021-04-14,TSLA,High-Growth Tech,244.08,147052200
2021-04-15,TSLA,High-Growth Tech,246.28,83546700
2021-04-16,TSLA,High-Growth Tech,246.59,83938500
2021-04-19,TSLA,High-Growth Tech,238.21,119058600
2021-04-20,TSLA,High-Growth Tech,239.66,106827000
2021-04-21,TSLA,High-Growth Tech,248.04,93646500
2021-04-22,TSLA,High-Growth Tech,239.9,106770900
2021-04-23,TSLA,High-Growth Tech,243.13,85110000
2021-04-26,TSLA,High-Growth Tech,246.07,93115500
2021-04-27,TSLA,High-Growth Tech,234.91,88311000
2021-04-28,TSLA,High-Growth Tech,231.47,66813000
2021-04-29,TSLA,High-Growth Tech,225.67,86536200
2021-04-30,TSLA,High-Growth Tech,236.48,122276100
2021-05-03,TSLA,High-Growth Tech,228.3,81129300
2021-05-04,TSLA,High-Growth Tech,224.53,89217900
2021-05-05,TSLA,High-Growth Tech,223.65,65705700
2021-05-06,TSLA,High-Growth Tech,221.18,83353800
2021-05-07,TSLA,High-Growth Tech,224.12,70407600
2021-05-10,TSLA,High-Growth Tech,209.68,94177200
2021-05-11,TSLA,High-Growth Tech,205.73,139511700
2021-05-12,TSLA,High-Growth Tech,196.63,101470800
2021-05-13,TSLA,High-Growth Tech,190.56,132554700
2021-05-14,TSLA,High-Growth Tech,196.58,100112700
2021-05-17,TSLA,High-Growth Tech,192.28,97171200
2021-05-18,TSLA,High-Growth Tech,192.62,110491800
2021-05-19,TSLA,High-Growth Tech,187.82,118735200
2021-05-20,TSLA,High-Growth Tech,195.59,92463300
2021-05-21,TSLA,High-Growth Tech,193.63,78091800
2021-05-24,TSLA,High-Growth Tech,202.15,103674300
2021-05-25,TSLA,High-Growth Tech,201.56,84017700
2021-05-26,TSLA,High-Growth Tech,206.38,85917900
2021-05-27,TSLA,High-Growth Tech,210.28,79111800
2021-05-28,TSLA,High-Growth Tech,208.41,68211000
2021-06-01,TSLA,High-Growth Tech,207.97,54254700
2021-06-02,TSLA,High-Growth Tech,201.71,69908400
2021-06-03,TSLA,High-Growth Tech,190.95,90335700
2021-06-04,TSLA,High-Growth Tech,199.68,72110700
2021-06-07,TSLA,High-Growth Tech,201.71,67631100
2021-06-08,TSLA,High-Growth Tech,201.2,78160200
2021-06-09,TSLA,High-Growth Tech,199.59,49753800
2021-06-10,TSLA,High-Growth Tech,203.37,71758800
2021-06-11,TSLA,High-Growth Tech,203.3,48615900
2021-06-14,TSLA,High-Growth Tech,205.9,61272000
2021-06-15,TSLA,High-Growth Tech,199.79,53292300
2021-06-16,TSLA,High-Growth Tech,201.62,66432300
2021-06-17,TSLA,High-Growth Tech,205.53,68104200
2021-06-18,TSLA,High-Growth Tech,207.77,73682700
2021-06-21,TSLA,High-Growth Tech,206.94,74438100
2021-06-22,TSLA,High-Growth Tech,207.9,57476700
2021-06-23,TSLA,High-Growth Tech,218.86,93297600
2021-06-24,TSLA,High-Growth Tech,226.61,137947200
2021-06-25,TSLA,High-Growth Tech,223.96,97490100
2021-06-28,TSLA,High-Growth Tech,229.57,64884600
2021-06-29,TSLA,High-Growth Tech,226.92,52143900
2021-06-30,TSLA,High-Growth Tech,226.57,56774700
2021-07-01,TSLA,High-Growth Tech,225.97,55903500
2021-07-02,TSLA,High-Growth Tech,226.3,81163500
2021-07-06,TSLA,High-Growth Tech,219.86,69853500
2021-07-07,TSLA,High-Growth Tech,214.88,56376000
2021-07-08,TSLA,High-Growth Tech,217.6,68319900
2021-07-09,TSLA,High-Growth Tech,218.98,54421500
2021-07-12,TSLA,High-Growth Tech,228.57,77781000
2021-07-13,TSLA,High-Growth Tech,222.85,62898300
2021-07-14,TSLA,High-Growth Tech,217.79,64923600
2021-07-15,TSLA,High-Growth Tech,216.87,60628800
2021-07-16,TSLA,High-Growth Tech,214.74,49113000
2021-07-19,TSLA,High-Growth Tech,215.41,63891300
2021-07-20,TSLA,High-Growth Tech,220.17,46461300
2021-07-21,TSLA,High-Growth Tech,218.43,41859900
2021-07-22,TSLA,High-Growth Tech,216.42,45317100
2021-07-23,TSLA,High-Growth Tech,214.46,43814700
2021-07-26,TSLA,High-Growth Tech,219.21,76009800
2021-07-27,TSLA,High-Growth Tech,214.93,98439900
2021-07-28,TSLA,High-Growth Tech,215.66,48019800
2021-07-29,TSLA,High-Growth Tech,225.78,91183800
2021-07-30,TSLA,High-Growth Tech,229.07,88969200
2021-08-02,TSLA,High-Growth Tech,236.56,100847400
2021-08-03,TSLA,High-Growth Tech,236.58,64860900
2021-08-04,TSLA,High-Growth Tech,236.97,51007800
2021-08-05,TSLA,High-Growth Tech,238.21,38758800
2021-08-06,TSLA,High-Growth Tech,233.03,46869000
2021-08-09,TSLA,High-Growth Tech,237.92,44145900
2021-08-10,TSLA,High-Growth Tech,236.66,40296900
2021-08-11,TSLA,High-Growth Tech,235.94,29401800
2021-08-12,TSLA,High-Growth Tech,240.75,52377300
2021-08-13,TSLA,High-Growth Tech,239.06,50194500
2021-08-16,TSLA,High-Growth Tech,228.72,68032200
2021-08-17,TSLA,High-Growth Tech,221.9,71163900
2021-08-18,TSLA,High-Growth Tech,229.66,61048200
2021-08-19,TSLA,High-Growth Tech,224.49,42940500
2020-09-29,AAPL,High-Growth Tech,110.77,99382200
2020-09-30,AAPL,High-Growth Tech,112.44,142675200
2020-10-01,AAPL,High-Growth Tech,113.39,116120400
2020-10-02,AAPL,High-Growth Tech,109.73,144712000
2020-10-05,AAPL,High-Growth Tech,113.11,106243800
2020-10-06,AAPL,High-Growth Tech,109.86,161498200
2020-10-07,AAPL,High-Growth Tech,111.73,96849000
2020-10-08,AAPL,High-Growth Tech,111.62,83477200
2020-10-09,AAPL,High-Growth Tech,113.56,100506900
2020-10-12,AAPL,High-Growth Tech,120.78,240226800
2020-10-13,AAPL,High-Growth Tech,117.57,262330500
2020-10-14,AAPL,High-Growth Tech,117.66,150712000
2020-10-15,AAPL,High-Growth Tech,117.19,112559200
2020-10-16,AAPL,High-Growth Tech,115.55,115393800
2020-10-19,AAPL,High-Growth Tech,112.6,120639300
2020-10-20,AAPL,High-Growth Tech,114.09,124423700
2020-10-21,AAPL,High-Growth Tech,113.47,89946000
2020-10-22,AAPL,High-Growth Tech,112.38,101988000
2020-10-23,AAPL,High-Growth Tech,111.69,82572600
2020-10-26,AAPL,High-Growth Tech,111.7,111850700
2020-10-27,AAPL,High-Growth Tech,113.2,92276800
2020-10-28,AAPL,High-Growth Tech,107.96,143937800
2020-10-29,AAPL,High-Growth Tech,111.96,146129200
2020-10-30,AAPL,High-Growth Tech,105.69,190272600
2020-11-02,AAPL,High-Growth Tech,105.6,122866900
2020-11-03,AAPL,High-Growth Tech,107.22,107624400
2020-11-04,AAPL,High-Growth Tech,111.6,138235500
2020-11-05,AAPL,High-Growth Tech,115.56,126387100
2020-11-06,AAPL,High-Growth Tech,115.43,114457900
2020-11-09,AAPL,High-Growth Tech,113.13,154515300
2020-11-10,AAPL,High-Growth Tech,112.79,138023400
2020-11-11,AAPL,High-Growth Tech,116.21,112295000
2020-11-12,AAPL,High-Growth Tech,115.94,103162300
2020-11-13,AAPL,High-Growth Tech,115.99,81581900
2020-11-16,AAPL,High-Growth Tech,117.0,91183000
2020-11-17,AAPL,High-Growth Tech,116.11,74271000
2020-11-18,AAPL,High-Growth Tech,114.79,76322100
2020-11-19,AAPL,High-Growth Tech,115.38,74113000
2020-11-20,AAPL,High-Growth Tech,114.12,73604300
2020-11-23,AAPL,High-Growth Tech,110.72,127959300
2020-11-24,AAPL,High-Growth Tech,112.01,113874200
2020-11-25,AAPL,High-Growth Tech,112.84,76499200
2020-11-27,AAPL,High-Growth Tech,113.39,46691300
2020-11-30,AAPL,High-Growth Tech,115.78,169410200
2020-12-01,AAPL,High-Growth Tech,119.35,127728200
2020-12-02,AAPL,High-Growth Tech,119.7,89004200
2020-12-03,AAPL,High-Growth Tech,119.56,78967600
2020-12-04,AAPL,High-Growth Tech,118.89,78260400
2020-12-07,AAPL,High-Growth Tech,120.35,86712000
2020-12-08,AAPL,High-Growth Tech,120.96,82225500
2020-12-09,AAPL,High-Growth Tech,118.44,115089200
2020-12-10,AAPL,High-Growth Tech,119.86,81312200
2020-12-11,AAPL,High-Growth Tech,119.05,86939800
2020-12-14,AAPL,High-Growth Tech,118.44,79184500
2020-12-15,AAPL,High-Growth Tech,124.37,157243700
2020-12-16,AAPL,High-Growth Tech,124.3,98208600
2020-12-17,AAPL,High-Growth Tech,125.17,94359800
2020-12-18,AAPL,High-Growth Tech,123.18,192541500
2020-12-21,AAPL,High-Growth Tech,124.71,121251600
2020-12-22,AAPL,High-Growth Tech,128.26,168904800
2020-12-23,AAPL,High-Growth Tech,127.36,88223700
2020-12-24,AAPL,High-Growth Tech,128.35,54930100
2020-12-28,AAPL,High-Growth Tech,132.94,124486200
2020-12-29,AAPL,High-Growth Tech,131.17,121047300
2020-12-30,AAPL,High-Growth Tech,130.05,96452100
2020-12-31,AAPL,High-Growth Tech,129.05,99116600
2021-01-04,AAPL,High-Growth Tech,125.86,143301900
2021-01-05,AAPL,High-Growth Tech,127.41,97664900
2021-01-06,AAPL,High-Growth Tech,123.12,155088000
2021-01-07,AAPL,High-Growth Tech,127.33,109578200
2021-01-08,AAPL,High-Growth Tech,128.42,105158200
2021-01-11,AAPL,High-Growth Tech,125.44,100384500
2021-01-12,AAPL,High-Growth Tech,125.26,91951100
2021-01-13,AAPL,High-Growth Tech,127.3,88636800
2021-01-14,AAPL,High-Growth Tech,125.37,90221800
2021-01-15,AAPL,High-Growth Tech,123.65,111598500
2021-01-19,AAPL,High-Growth Tech,124.32,90757300
2021-01-20,AAPL,High-Growth Tech,128.4,104319500
2021-01-21,AAPL,High-Growth Tech,133.11,120150900
2021-01-22,AAPL,High-Growth Tech,135.25,114459400
2021-01-25,AAPL,High-Growth Tech,139.0,157611700
2021-01-26,AAPL,High-Growth Tech,139.23,98390600
2021-01-27,AAPL,High-Growth Tech,138.16,140843800
2021-01-28,AAPL,High-Growth Tech,133.33,142621100
2021-01-29,AAPL,High-Growth Tech,128.34,177523800
2021-02-01,AAPL,High-Growth Tech,130.46,106239800
2021-02-02,AAPL,High-Growth Tech,131.28,83305400
2021-02-03,AAPL,High-Growth Tech,130.26,89880900
2021-02-04,AAPL,High-Growth Tech,133.62,84183100
2021-02-05,AAPL,High-Growth Tech,133.2,75693800
2021-02-08,AAPL,High-Growth Tech,133.35,71297200
2021-02-09,AAPL,High-Growth Tech,132.47,76774200
2021-02-10,AAPL,High-Growth Tech,131.87,73046600
2021-02-11,AAPL,High-Growth Tech,131.62,64280000
2021-02-12,AAPL,High-Growth Tech,131.85,60145100
2021-02-16,AAPL,High-Growth Tech,129.73,80576300
2021-02-17,AAPL,High-Growth Tech,127.44,97918500
2021-02-18,AAPL,High-Growth Tech,126.34,96856700
2021-02-19,AAPL,High-Growth Tech,126.49,87668800
2021-02-22,AAPL,High-Growth Tech,122.72,103916400
2021-02-23,AAPL,High-Growth Tech,122.59,158273000
2021-02-24,AAPL,High-Growth Tech,122.09,111039900
2021-02-25,AAPL,High-Growth Tech,117.84,148199500
2021-02-26,AAPL,High-Growth Tech,118.11,164560400
2021-03-01,AAPL,High-Growth Tech,124.47,116307900
2021-03-02,AAPL,High-Growth Tech,121.87,102260900
2021-03-03,AAPL,High-Growth Tech,118.89,112966300
2021-03-04,AAPL,High-Growth Tech,117.01,178155000
2021-03-05,AAPL,High-Growth Tech,118.26,153766600
2021-03-08,AAPL,High-Growth Tech,113.33,154376600
2021-03-09,AAPL,High-Growth Tech,117.94,129525800
2021-03-10,AAPL,High-Growth Tech,116.86,111943300
2021-03-11,AAPL,High-Growth Tech,118.79,103026500
2021-03-12,AAPL,High-Growth Tech,117.88,88105100
2021-03-15,AAPL,High-Growth Tech,120.77,92403800
2021-03-16,AAPL,High-Growth Tech,122.3,115227900
2021-03-17,AAPL,High-Growth Tech,121.52,111932600
2021-03-18,AAPL,High-Growth Tech,117.4,121229700
2021-03-19,AAPL,High-Growth Tech,116.87,185549500
2021-03-22,AAPL,High-Growth Tech,120.18,111912300
2021-03-23,AAPL,High-Growth Tech,119.35,95467100
2021-03-24,AAPL,High-Growth Tech,116.97,88530500
2021-03-25,AAPL,High-Growth Tech,117.45,98844700
2021-03-26,AAPL,High-Growth Tech,118.06,94071200
2021-03-29,AAPL,High-Growth Tech,118.23,80819200
2021-03-30,AAPL,High-Growth Tech,116.78,85671900
2021-03-31,AAPL,High-Growth Tech,118.97,118323800
2021-04-01,AAPL,High-Growth Tech,119.8,75089100
2021-04-05,AAPL,High-Growth Tech,122.63,88651200
2021-04-06,AAPL,High-Growth Tech,122.93,80171300
2021-04-07,AAPL,High-Growth Tech,124.57,83466700
2021-04-08,AAPL,High-Growth Tech,126.97,88844600
2021-04-09,AAPL,High-Growth Tech,129.54,106686700
2021-04-12,AAPL,High-Growth Tech,127.83,91420000
2021-04-13,AAPL,High-Growth Tech,130.93,91266500
2021-04-14,AAPL,High-Growth Tech,128.6,87222800
2021-04-15,AAPL,High-Growth Tech,131.0,89347100
2021-04-16,AAPL,High-Growth Tech,130.67,84922400
2021-04-19,AAPL,High-Growth Tech,131.33,94264200
2021-04-20,AAPL,High-Growth Tech,129.65,94812300
2021-04-21,AAPL,High-Growth Tech,130.03,68847100
2021-04-22,AAPL,High-Growth Tech,128.51,84566500
2021-04-23,AAPL,High-Growth Tech,130.83,78657500
2021-04-26,AAPL,High-Growth Tech,131.22,66905100
2021-04-27,AAPL,High-Growth Tech,130.9,66015800
2021-04-28,AAPL,High-Growth Tech,130.11,107760100
2021-04-29,AAPL,High-Growth Tech,130.01,151101000
2021-04-30,AAPL,High-Growth Tech,128.04,109839500
2021-05-03,AAPL,High-Growth Tech,129.09,75135100
2021-05-04,AAPL,High-Growth Tech,124.53,137564700
2021-05-05,AAPL,High-Growth Tech,124.77,84000900
2021-05-06,AAPL,High-Growth Tech,126.37,78128300
2021-05-07,AAPL,High-Growth Tech,127.04,78973300
2021-05-10,AAPL,High-Growth Tech,123.76,88071200
2021-05-11,AAPL,High-Growth Tech,122.84,126142800
2021-05-12,AAPL,High-Growth Tech,119.78,112172300
2021-05-13,AAPL,High-Growth Tech,121.93,105861300
2021-05-14,AAPL,High-Growth Tech,124.35,81918000
2021-05-17,AAPL,High-Growth Tech,123.2,74244600
2021-05-18,AAPL,High-Growth Tech,121.81,63342900
2021-05-19,AAPL,High-Growth Tech,121.65,92612000
2021-05-20,AAPL,High-Growth Tech,124.21,76857100
2021-05-21,AAPL,High-Growth Tech,122.38,79295400
2021-05-24,AAPL,High-Growth Tech,124.01,63092900
2021-05-25,AAPL,High-Growth Tech,123.81,72009500
2021-05-26,AAPL,High-Growth Tech,123.76,56575900
2021-05-27,AAPL,High-Growth Tech,122.23,94625600
2021-05-28,AAPL,High-Growth Tech,121.58,71311100
2021-06-01,AAPL,High-Growth Tech,121.25,67637100
2021-06-02,AAPL,High-Growth Tech,122.01,59278900
2021-06-03,AAPL,High-Growth Tech,120.53,76229200
2021-06-04,AAPL,High-Growth Tech,122.82,75169300
2021-06-07,AAPL,High-Growth Tech,122.83,71057600
2021-06-08,AAPL,High-Growth Tech,123.65,74403800
2021-06-09,AAPL,High-Growth Tech,124.03,56877900
2021-06-10,AAPL,High-Growth Tech,123.04,71186400
2021-06-11,AAPL,High-Growth Tech,124.25,53522400
2021-06-14,AAPL,High-Growth Tech,127.3,96906500
2021-06-15,AAPL,High-Growth Tech,126.48,62746300
2021-06-16,AAPL,High-Growth Tech,126.98,91815000
2021-06-17,AAPL,High-Growth Tech,128.58,96721700
2021-06-18,AAPL,High-Growth Tech,127.28,108953300
2021-06-21,AAPL,High-Growth Tech,129.08,79663300
2021-06-22,AAPL,High-Growth Tech,130.72,74783600
2021-06-23,AAPL,High-Growth Tech,130.44,60214200
2021-06-24,AAPL,High-Growth Tech,130.16,68711000
2021-06-25,AAPL,High-Growth Tech,129.87,70783700
2021-06-28,AAPL,High-Growth Tech,131.5,62111300
2021-06-29,AAPL,High-Growth Tech,133.01,64556100
2021-06-30,AAPL,High-Growth Tech,133.63,63261400
2021-07-01,AAPL,High-Growth Tech,133.93,52485800
2021-07-02,AAPL,High-Growth Tech,136.55,78852600
2021-07-06,AAPL,High-Growth Tech,138.56,108181800
2021-07-07,AAPL,High-Growth Tech,141.05,104911600
2021-07-08,AAPL,High-Growth Tech,139.75,105575500
2021-07-09,AAPL,High-Growth Tech,141.58,99890800
2021-07-12,AAPL,High-Growth Tech,140.98,76299700
2021-07-13,AAPL,High-Growth Tech,142.09,100827100
2021-07-14,AAPL,High-Growth Tech,145.52,127050800
2021-07-15,AAPL,High-Growth Tech,144.86,106820300
2021-07-16,AAPL,High-Growth Tech,142.83,93251400
2021-07-19,AAPL,High-Growth Tech,138.98,121434600
2021-07-20,AAPL,High-Growth Tech,142.59,96350000
2021-07-21,AAPL,High-Growth Tech,141.86,74993500
2021-07-22,AAPL,High-Growth Tech,143.23,77338200
2021-07-23,AAPL,High-Growth Tech,144.94,71447400
2021-07-26,AAPL,High-Growth Tech,145.36,72434100
2021-07-27,AAPL,High-Growth Tech,143.2,104818600
2021-07-28,AAPL,High-Growth Tech,141.45,118931200
2021-07-29,AAPL,High-Growth Tech,142.09,56699500
2021-07-30,AAPL,High-Growth Tech,142.31,70440600
2021-08-02,AAPL,High-Growth Tech,141.98,62880000
2021-08-03,AAPL,High-Growth Tech,143.77,64786600
2021-08-04,AAPL,High-Growth Tech,143.37,56368300
2021-08-05,AAPL,High-Growth Tech,143.48,46397700
2021-08-06,AAPL,High-Growth Tech,142.8,54126800
2021-08-09,AAPL,High-Growth Tech,142.75,48908700
2021-08-10,AAPL,High-Growth Tech,142.27,69023100
2021-08-11,AAPL,High-Growth Tech,142.52,48493500
2021-08-12,AAPL,High-Growth Tech,145.48,72282600
2021-08-13,AAPL,High-Growth Tech,145.69,59375000
2021-08-16,AAPL,High-Growth Tech,147.66,103296000
2021-08-17,AAPL,High-Growth Tech,146.75,92229700
2021-08-18,AAPL,High-Growth Tech,143.01,86326000
2021-08-19,AAPL,High-Growth Tech,143.34,86960300
2020-09-29,MSFT,High-Growth Tech,197.9,24221900
2020-09-30,MSFT,High-Growth Tech,200.83,33829100
2020-10-01,MSFT,High-Growth Tech,202.87,27158400
2020-10-02,MSFT,High-Growth Tech,196.88,33154800
2020-10-05,MSFT,High-Growth Tech,200.88,21331600
2020-10-06,MSFT,High-Growth Tech,196.61,28554300
2020-10-07,MSFT,High-Growth Tech,200.36,25681100
2020-10-08,MSFT,High-Growth Tech,201.07,19925800
2020-10-09,MSFT,High-Growth Tech,206.07,26458000
2020-10-12,MSFT,High-Growth Tech,211.4,40461400
2020-10-13,MSFT,High-Growth Tech,212.8,28950800
2020-10-14,MSFT,High-Growth Tech,210.89,23421700
2020-10-15,MSFT,High-Growth Tech,209.74,22733100
2020-10-16,MSFT,High-Growth Tech,209.74,26057900
2020-10-19,MSFT,High-Growth Tech,204.55,27625800
2020-10-20,MSFT,High-Growth Tech,204.96,22753500
2020-10-21,MSFT,High-Growth Tech,205.1,22724900
2020-10-22,MSFT,High-Growth Tech,205.19,22351500
2020-10-23,MSFT,High-Growth Tech,206.47,18879600
2020-10-26,MSFT,High-Growth Tech,200.6,37111600
2020-10-27,MSFT,High-Growth Tech,203.62,36700300
2020-10-28,MSFT,High-Growth Tech,193.53,51195600
2020-10-29,MSFT,High-Growth Tech,195.48,31432600
2020-10-30,MSFT,High-Growth Tech,193.33,36953700
2020-11-02,MSFT,High-Growth Tech,193.2,30842200
2020-11-03,MSFT,High-Growth Tech,197.11,27512000
2020-11-04,MSFT,High-Growth Tech,206.62,42311800
2020-11-05,MSFT,High-Growth Tech,213.21,36080100
2020-11-06,MSFT,High-Growth Tech,213.62,25231900
2020-11-09,MSFT,High-Growth Tech,208.53,44395000
2020-11-10,MSFT,High-Growth Tech,201.48,44045100
2020-11-11,MSFT,High-Growth Tech,206.77,29440800
2020-11-12,MSFT,High-Growth Tech,205.71,21593900
2020-11-13,MSFT,High-Growth Tech,206.74,18621100
2020-11-16,MSFT,High-Growth Tech,207.42,24953300
2020-11-17,MSFT,High-Growth Tech,204.78,24154100
2020-11-18,MSFT,High-Growth Tech,202.08,28372800
2020-11-19,MSFT,High-Growth Tech,203.36,24792700
2020-11-20,MSFT,High-Growth Tech,201.42,22843100
2020-11-23,MSFT,High-Growth Tech,201.15,25683500
2020-11-24,MSFT,High-Growth Tech,204.74,33979700
2020-11-25,MSFT,High-Growth Tech,204.75,21012900
2020-11-27,MSFT,High-Growth Tech,206.05,14512200
2020-11-30,MSFT,High-Growth Tech,204.94,33064800
2020-12-01,MSFT,High-Growth Tech,206.99,30904500
2020-12-02,MSFT,High-Growth Tech,206.19,23724500
2020-12-03,MSFT,High-Growth Tech,205.1,25120900
2020-12-04,MSFT,High-Growth Tech,205.22,24666000
2020-12-07,MSFT,High-Growth Tech,205.15,24620000
2020-12-08,MSFT,High-Growth Tech,206.8,23284100
2020-12-09,MSFT,High-Growth Tech,202.77,32440600
2020-12-10,MSFT,High-Growth Tech,201.54,26733300
2020-12-11,MSFT,High-Growth Tech,204.17,30979400
2020-12-14,MSFT,High-Growth Tech,205.07,28798400
2020-12-15,MSFT,High-Growth Tech,205.0,27000600
2020-12-16,MSFT,High-Growth Tech,209.93,35023300
2020-12-17,MSFT,High-Growth Tech,210.06,32515800
2020-12-18,MSFT,High-Growth Tech,209.27,63354900
2020-12-21,MSFT,High-Growth Tech,213.1,37181900
2020-12-22,MSFT,High-Growth Tech,214.39,22612200
2020-12-23,MSFT,High-Growth Tech,211.59,18699600
2020-12-24,MSFT,High-Growth Tech,213.25,10550600
2020-12-28,MSFT,High-Growth Tech,215.37,17933500
2020-12-29,MSFT,High-Growth Tech,214.59,17403200
2020-12-30,MSFT,High-Growth Tech,212.23,20272300
2020-12-31,MSFT,High-Growth Tech,212.93,20942100
2021-01-04,MSFT,High-Growth Tech,208.41,37130100
2021-01-05,MSFT,High-Growth Tech,208.61,23823000
2021-01-06,MSFT,High-Growth Tech,203.2,35930700
2021-01-07,MSFT,High-Growth Tech,208.98,27694500
2021-01-08,MSFT,High-Growth Tech,210.25,22956200
2021-01-11,MSFT,High-Growth Tech,208.22,23031300
2021-01-12,MSFT,High-Growth Tech,205.76,23249300
2021-01-13,MSFT,High-Growth Tech,207.11,20087100
2021-01-14,MSFT,High-Growth Tech,203.94,29480800
2021-01-15,MSFT,High-Growth Tech,203.58,31746500
2021-01-19,MSFT,High-Growth Tech,207.21,30480900
2021-01-20,MSFT,High-Growth Tech,214.77,37777300
2021-01-21,MSFT,High-Growth Tech,215.38,30709400
2021-01-22,MSFT,High-Growth Tech,216.31,30172700
2021-01-25,MSFT,High-Growth Tech,219.74,33152100
2021-01-26,MSFT,High-Growth Tech,222.42,49169600
2021-01-27,MSFT,High-Growth Tech,222.97,69870600
2021-01-28,MSFT,High-Growth Tech,228.74,49111200
2021-01-29,MSFT,High-Growth Tech,222.07,42503100
2021-02-01,MSFT,High-Growth Tech,229.43,33314200
2021-02-02,MSFT,High-Growth Tech,229.3,25916300
2021-02-03,MSFT,High-Growth Tech,232.64,27158100
2021-02-04,MSFT,High-Growth Tech,231.69,25296100
2021-02-05,MSFT,High-Growth Tech,231.87,18054800
2021-02-08,MSFT,High-Growth Tech,232.13,22211900
2021-02-09,MSFT,High-Growth Tech,233.37,23565000
2021-02-10,MSFT,High-Growth Tech,232.46,22186700
2021-02-11,MSFT,High-Growth Tech,234.06,15751100
2021-02-12,MSFT,High-Growth Tech,234.54,16561100
2021-02-16,MSFT,High-Growth Tech,233.31,26728500
2021-02-17,MSFT,High-Growth Tech,234.32,21653500
2021-02-18,MSFT,High-Growth Tech,233.93,16925600
2021-02-19,MSFT,High-Growth Tech,231.23,25262600
2021-02-22,MSFT,High-Growth Tech,225.03,36446900
2021-02-23,MSFT,High-Growth Tech,223.84,30228700
2021-02-24,MSFT,High-Growth Tech,225.06,26339700
2021-02-25,MSFT,High-Growth Tech,219.73,39542200
2021-02-26,MSFT,High-Growth Tech,222.98,37819200
2021-03-01,MSFT,High-Growth Tech,227.36,25324000
2021-03-02,MSFT,High-Growth Tech,224.41,22812500
2021-03-03,MSFT,High-Growth Tech,218.36,34029500
2021-03-04,MSFT,High-Growth Tech,217.56,44727800
2021-03-05,MSFT,High-Growth Tech,222.23,41872800
2021-03-08,MSFT,High-Growth Tech,218.19,35267400
2021-03-09,MSFT,High-Growth Tech,224.33,33080500
2021-03-10,MSFT,High-Growth Tech,223.02,29746800
2021-03-11,MSFT,High-Growth Tech,227.54,29907600
2021-03-12,MSFT,High-Growth Tech,226.22,22653700
2021-03-15,MSFT,High-Growth Tech,225.31,26034900
2021-03-16,MSFT,High-Growth Tech,228.1,28092200
2021-03-17,MSFT,High-Growth Tech,227.45,29562100
2021-03-18,MSFT,High-Growth Tech,221.39,34833000
2021-03-19,MSFT,High-Growth Tech,221.03,46430700
2021-03-22,MSFT,High-Growth Tech,226.45,30127000
2021-03-23,MSFT,High-Growth Tech,227.97,31638400
2021-03-24,MSFT,High-Growth Tech,225.94,25620100
2021-03-25,MSFT,High-Growth Tech,222.94,34061900
2021-03-26,MSFT,High-Growth Tech,226.92,25479900
2021-03-29,MSFT,High-Growth Tech,225.73,25227500
2021-03-30,MSFT,High-Growth Tech,222.47,24792000
2021-03-31,MSFT,High-Growth Tech,226.24,43623500
2021-04-01,MSFT,High-Growth Tech,232.55,30338000
2021-04-05,MSFT,High-Growth Tech,239.0,36910600
2021-04-06,MSFT,High-Growth Tech,237.84,22931900
2021-04-07,MSFT,High-Growth Tech,239.79,22719800
2021-04-08,MSFT,High-Growth Tech,243.01,23625200
2021-04-09,MSFT,High-Growth Tech,245.5,24326800
2021-04-12,MSFT,High-Growth Tech,245.56,27148700
2021-04-13,MSFT,High-Growth Tech,248.04,23837500
2021-04-14,MSFT,High-Growth Tech,245.25,23070900
2021-04-15,MSFT,High-Growth Tech,249.01,25627500
2021-04-16,MSFT,High-Growth Tech,250.2,24878600
2021-04-19,MSFT,High-Growth Tech,248.28,23209300
2021-04-20,MSFT,High-Growth Tech,247.82,19722900
2021-04-21,MSFT,High-Growth Tech,250.04,24030400
2021-04-22,MSFT,High-Growth Tech,246.77,25606200
2021-04-23,MSFT,High-Growth Tech,250.59,21462600
2021-04-26,MSFT,High-Growth Tech,250.97,19763300
2021-04-27,MSFT,High-Growth Tech,251.38,31014200
2021-04-28,MSFT,High-Growth Tech,244.27,46903100
2021-04-29,MSFT,High-Growth Tech,242.3,40589000
2021-04-30,MSFT,High-Growth Tech,241.98,30945100
2021-05-03,MSFT,High-Growth Tech,241.67,19626600
2021-05-04,MSFT,High-Growth Tech,237.77,32756100
2021-05-05,MSFT,High-Growth Tech,236.5,21901300
2021-05-06,MSFT,High-Growth Tech,239.63,26491100
2021-05-07,MSFT,High-Growth Tech,242.25,27032900
2021-05-10,MSFT,High-Growth Tech,237.18,29299900
2021-05-11,MSFT,High-Growth Tech,236.27,33641600
2021-05-12,MSFT,High-Growth Tech,229.33,36684400
2021-05-13,MSFT,High-Growth Tech,233.2,29624300
2021-05-14,MSFT,High-Growth Tech,238.11,23901100
2021-05-17,MSFT,High-Growth Tech,235.26,24970200
2021-05-18,MSFT,High-Growth Tech,233.25,20168000
2021-05-19,MSFT,High-Growth Tech,233.83,25739800
2021-05-20,MSFT,High-Growth Tech,237.06,21800700
2021-05-21,MSFT,High-Growth Tech,235.8,21863100
2021-05-24,MSFT,High-Growth Tech,241.19,21411500
2021-05-25,MSFT,High-Growth Tech,242.1,17704300
2021-05-26,MSFT,High-Growth Tech,241.88,17771600
2021-05-27,MSFT,High-Growth Tech,239.78,24426200
2021-05-28,MSFT,High-Growth Tech,240.14,18270200
2021-06-01,MSFT,High-Growth Tech,237.94,23213300
2021-06-02,MSFT,High-Growth Tech,237.85,19406700
2021-06-03,MSFT,High-Growth Tech,236.32,25307700
2021-06-04,MSFT,High-Growth Tech,241.2,25281100
2021-06-07,MSFT,High-Growth Tech,244.11,23079200
2021-06-08,MSFT,High-Growth Tech,242.92,22455000
2021-06-09,MSFT,High-Growth Tech,243.9,17937600
2021-06-10,MSFT,High-Growth Tech,247.41,24563600
2021-06-11,MSFT,High-Growth Tech,248.03,18999700
2021-06-14,MSFT,High-Growth Tech,249.96,19150500
2021-06-15,MSFT,High-Growth Tech,248.48,18038900
2021-06-16,MSFT,High-Growth Tech,247.54,27220000
2021-06-17,MSFT,High-Growth Tech,250.93,27565500
2021-06-18,MSFT,High-Growth Tech,249.51,37202200
2021-06-21,MSFT,High-Growth Tech,252.59,26696100
2021-06-22,MSFT,High-Growth Tech,255.36,24694100
2021-06-23,MSFT,High-Growth Tech,255.13,19518700
2021-06-24,MSFT,High-Growth Tech,256.5,21446900
2021-06-25,MSFT,High-Growth Tech,254.89,25611100
2021-06-28,MSFT,High-Growth Tech,258.45,19590000
2021-06-29,MSFT,High-Growth Tech,261.03,19937800
2021-06-30,MSFT,High-Growth Tech,260.54,21656500
2021-07-01,MSFT,High-Growth Tech,261.22,16725300
2021-07-02,MSFT,High-Growth Tech,267.04,26458000
2021-07-06,MSFT,High-Growth Tech,267.05,31565600
2021-07-07,MSFT,High-Growth Tech,269.23,23260000
2021-07-08,MSFT,High-Growth Tech,266.82,24618600
2021-07-09,MSFT,High-Growth Tech,267.32,23916700
2021-07-12,MSFT,High-Growth Tech,266.72,18931700
2021-07-13,MSFT,High-Growth Tech,270.24,26120100
2021-07-14,MSFT,High-Growth Tech,271.71,23113700
2021-07-15,MSFT,High-Growth Tech,270.29,22604200
2021-07-16,MSFT,High-Growth Tech,270.02,26186800
2021-07-19,MSFT,High-Growth Tech,266.42,32935600
2021-07-20,MSFT,High-Growth Tech,268.64,26259700
2021-07-21,MSFT,High-Growth Tech,270.64,24364300
2021-07-22,MSFT,High-Growth Tech,275.2,23384100
2021-07-23,MSFT,High-Growth Tech,278.6,22768100
2021-07-26,MSFT,High-Growth Tech,278.0,23176100
2021-07-27,MSFT,High-Growth Tech,275.59,33604100
2021-07-28,MSFT,High-Growth Tech,275.28,33566900
2021-07-29,MSFT,High-Growth Tech,275.55,18168300
2021-07-30,MSFT,High-Growth Tech,274.02,20944800
2021-08-02,MSFT,High-Growth Tech,273.93,16267400
2021-08-03,MSFT,High-Growth Tech,276.14,17879000
2021-08-04,MSFT,High-Growth Tech,275.56,16191300
2021-08-05,MSFT,High-Growth Tech,278.45,13900200
2021-08-06,MSFT,High-Growth Tech,278.4,16589300
2021-08-09,MSFT,High-Growth Tech,277.31,16117600
2021-08-10,MSFT,High-Growth Tech,275.49,18616600
2021-08-11,MSFT,High-Growth Tech,275.98,13955900
2021-08-12,MSFT,High-Growth Tech,278.73,14561300
2021-08-13,MSFT,High-Growth Tech,281.66,18249000
2021-08-16,MSFT,High-Growth Tech,283.34,22507600
2021-08-17,MSFT,High-Growth Tech,281.88,20075300
2021-08-18,MSFT,High-Growth Tech,280.15,21813000
2021-08-19,MSFT,High-Growth Tech,285.97,29850500
2020-09-29,AMZN,High-Growth Tech,157.24,69916000
2020-09-30,AMZN,High-Growth Tech,157.44,97922000
2020-10-01,AMZN,High-Growth Tech,161.06,99438000
2020-10-02,AMZN,High-Growth Tech,156.25,112262000
2020-10-05,AMZN,High-Growth Tech,159.96,75506000
2020-10-06,AMZN,High-Growth Tech,155.0,101738000
2020-10-07,AMZN,High-Growth Tech,159.78,86188000
2020-10-08,AMZN,High-Growth Tech,159.53,63482000
2020-10-09,AMZN,High-Growth Tech,164.33,98158000
2020-10-12,AMZN,High-Growth Tech,172.15,167284000
2020-10-13,AMZN,High-Growth Tech,172.18,114894000
2020-10-14,AMZN,High-Growth Tech,168.19,116254000
2020-10-15,AMZN,High-Growth Tech,166.93,104468000
2020-10-16,AMZN,High-Growth Tech,163.64,129488000
2020-10-19,AMZN,High-Growth Tech,160.36,104472000
2020-10-20,AMZN,High-Growth Tech,160.85,90194000
2020-10-21,AMZN,High-Growth Tech,159.25,91854000
2020-10-22,AMZN,High-Growth Tech,158.82,84240000
2020-10-23,AMZN,High-Growth Tech,160.22,69334000
2020-10-26,AMZN,High-Growth Tech,160.35,118024000
2020-10-27,AMZN,High-Growth Tech,164.32,85820000
2020-10-28,AMZN,High-Growth Tech,158.14,111766000
2020-10-29,AMZN,High-Growth Tech,160.55,131930000
2020-10-30,AMZN,High-Growth Tech,151.81,167728000
2020-11-02,AMZN,High-Growth Tech,150.22,145148000
2020-11-03,AMZN,High-Growth Tech,152.42,97958000
2020-11-04,AMZN,High-Growth Tech,162.06,136780000
2020-11-05,AMZN,High-Growth Tech,166.1,115786000
2020-11-06,AMZN,High-Growth Tech,165.57,92946000
2020-11-09,AMZN,High-Growth Tech,157.19,143808000
2020-11-10,AMZN,High-Growth Tech,151.75,131820000
2020-11-11,AMZN,High-Growth Tech,156.87,87338000
2020-11-12,AMZN,High-Growth Tech,155.51,87240000
2020-11-13,AMZN,High-Growth Tech,156.44,75124000
2020-11-16,AMZN,High-Growth Tech,156.55,76174000
2020-11-17,AMZN,High-Growth Tech,156.78,68894000
2020-11-18,AMZN,High-Growth Tech,155.27,58336000
2020-11-19,AMZN,High-Growth Tech,155.85,60206000
2020-11-20,AMZN,High-Growth Tech,154.97,67488000
2020-11-23,AMZN,High-Growth Tech,154.92,94178000
2020-11-24,AMZN,High-Growth Tech,155.9,72042000
2020-11-25,AMZN,High-Growth Tech,159.25,75808000
2020-11-27,AMZN,High-Growth Tech,159.77,47858000
2020-11-30,AMZN,High-Growth Tech,158.4,81278000
2020-12-01,AMZN,High-Growth Tech,161.0,90740000
2020-12-02,AMZN,High-Growth Tech,160.18,62586000
2020-12-03,AMZN,High-Growth Tech,159.34,57840000
2020-12-04,AMZN,High-Growth Tech,158.13,58272000
2020-12-07,AMZN,High-Growth Tech,157.9,55026000
2020-12-08,AMZN,High-Growth Tech,158.86,65726000
2020-12-09,AMZN,High-Growth Tech,155.21,82016000
2020-12-10,AMZN,High-Growth Tech,155.07,60604000
2020-12-11,AMZN,High-Growth Tech,155.82,61294000
2020-12-14,AMZN,High-Growth Tech,157.85,83116000
2020-12-15,AMZN,High-Growth Tech,158.26,66390000
2020-12-16,AMZN,High-Growth Tech,162.05,88552000
2020-12-17,AMZN,High-Growth Tech,161.8,69486000
2020-12-18,AMZN,High-Growth Tech,160.08,119914000
2020-12-21,AMZN,High-Growth Tech,160.31,76736000
2020-12-22,AMZN,High-Growth Tech,160.33,47388000
2020-12-23,AMZN,High-Growth Tech,159.26,41876000
2020-12-24,AMZN,High-Growth Tech,158.63,29038000
2020-12-28,AMZN,High-Growth Tech,164.2,113736000
2020-12-29,AMZN,High-Growth Tech,166.1,97458000
2020-12-30,AMZN,High-Growth Tech,164.29,64186000
2020-12-31,AMZN,High-Growth Tech,162.85,59144000
2021-01-04,AMZN,High-Growth Tech,159.33,88228000
2021-01-05,AMZN,High-Growth Tech,160.93,53110000
2021-01-06,AMZN,High-Growth Tech,156.92,87896000
2021-01-07,AMZN,High-Growth Tech,158.11,70290000
2021-01-08,AMZN,High-Growth Tech,159.13,70754000
2021-01-11,AMZN,High-Growth Tech,155.71,73668000
2021-01-12,AMZN,High-Growth Tech,156.04,70292000
2021-01-13,AMZN,High-Growth Tech,158.29,66424000
2021-01-14,AMZN,High-Growth Tech,156.37,61418000
2021-01-15,AMZN,High-Growth Tech,155.21,84880000
2021-01-19,AMZN,High-Growth Tech,156.04,66102000
2021-01-20,AMZN,High-Growth Tech,163.17,106196000
2021-01-21,AMZN,High-Growth Tech,165.35,98722000
2021-01-22,AMZN,High-Growth Tech,164.61,56438000
2021-01-25,AMZN,High-Growth Tech,164.7,74996000
2021-01-26,AMZN,High-Growth Tech,166.31,59104000
2021-01-27,AMZN,High-Growth Tech,161.63,93204000
2021-01-28,AMZN,High-Growth Tech,161.88,62984000
2021-01-29,AMZN,High-Growth Tech,160.31,85872000
2021-02-01,AMZN,High-Growth Tech,167.14,83204000
2021-02-02,AMZN,High-Growth Tech,169.0,141972000
2021-02-03,AMZN,High-Growth Tech,165.63,141776000
2021-02-04,AMZN,High-Growth Tech,166.55,73414000
2021-02-05,AMZN,High-Growth Tech,167.61,72416000
2021-02-08,AMZN,High-Growth Tech,166.15,65148000
2021-02-09,AMZN,High-Growth Tech,165.25,44070000
2021-02-10,AMZN,High-Growth Tech,164.33,63032000
2021-02-11,AMZN,High-Growth Tech,163.11,46028000
2021-02-12,AMZN,High-Growth Tech,163.89,46706000
2021-02-16,AMZN,High-Growth Tech,163.45,51494000
2021-02-17,AMZN,High-Growth Tech,165.43,65950000
2021-02-18,AMZN,High-Growth Tech,166.41,60548000
2021-02-19,AMZN,High-Growth Tech,162.49,86104000
2021-02-22,AMZN,High-Growth Tech,159.04,70314000
2021-02-23,AMZN,High-Growth Tech,159.73,93544000
2021-02-24,AMZN,High-Growth Tech,157.98,60226000
2021-02-25,AMZN,High-Growth Tech,152.86,90676000
2021-02-26,AMZN,High-Growth Tech,154.65,85518000
2021-03-01,AMZN,High-Growth Tech,157.31,54582000
2021-03-02,AMZN,High-Growth Tech,154.73,51916000
2021-03-03,AMZN,High-Growth Tech,150.25,79774000
2021-03-04,AMZN,High-Growth Tech,148.88,109632000
2021-03-05,AMZN,High-Growth Tech,150.02,107772000
2021-03-08,AMZN,High-Growth Tech,147.6,83700000
2021-03-09,AMZN,High-Growth Tech,153.14,80600000
2021-03-10,AMZN,High-Growth Tech,152.88,60250000
2021-03-11,AMZN,High-Growth Tech,155.68,55528000
2021-03-12,AMZN,High-Growth Tech,154.47,48438000
2021-03-15,AMZN,High-Growth Tech,154.08,58272000
2021-03-16,AMZN,High-Growth Tech,154.59,50776000
2021-03-17,AMZN,High-Growth Tech,156.79,62372000
2021-03-18,AMZN,High-Growth Tech,151.4,72992000
2021-03-19,AMZN,High-Growth Tech,153.75,92508000
2021-03-22,AMZN,High-Growth Tech,155.54,58044000
2021-03-23,AMZN,High-Growth Tech,156.88,76346000
2021-03-24,AMZN,High-Growth Tech,154.35,59180000
2021-03-25,AMZN,High-Growth Tech,152.31,71270000
2021-03-26,AMZN,High-Growth Tech,152.6,66258000
2021-03-29,AMZN,High-Growth Tech,153.79,54920000
2021-03-30,AMZN,High-Growth Tech,152.76,46752000
2021-03-31,AMZN,High-Growth Tech,154.7,61878000
2021-04-01,AMZN,High-Growth Tech,158.05,58806000
2021-04-05,AMZN,High-Growth Tech,161.34,66698000
2021-04-06,AMZN,High-Growth Tech,161.19,50756000
2021-04-07,AMZN,High-Growth Tech,163.97,66924000
2021-04-08,AMZN,High-Growth Tech,164.96,56242000
2021-04-09,AMZN,High-Growth Tech,168.61,86830000
2021-04-12,AMZN,High-Growth Tech,168.97,65636000
2021-04-13,AMZN,High-Growth Tech,170.0,66316000
2021-04-14,AMZN,High-Growth Tech,166.65,62904000
2021-04-15,AMZN,High-Growth Tech,168.95,64672000
2021-04-16,AMZN,High-Growth Tech,169.97,63720000
2021-04-19,AMZN,High-Growth Tech,168.6,54508000
2021-04-20,AMZN,High-Growth Tech,166.73,52460000
2021-04-21,AMZN,High-Growth Tech,168.1,44224000
2021-04-22,AMZN,High-Growth Tech,165.45,51612000
2021-04-23,AMZN,High-Growth Tech,167.04,63856000
2021-04-26,AMZN,High-Growth Tech,170.45,97614000
2021-04-27,AMZN,High-Growth Tech,170.87,76542000
2021-04-28,AMZN,High-Growth Tech,172.93,92638000
2021-04-29,AMZN,High-Growth Tech,173.57,153648000
2021-04-30,AMZN,High-Growth Tech,173.37,140186000
2021-05-03,AMZN,High-Growth Tech,169.32,117510000
2021-05-04,AMZN,High-Growth Tech,165.59,108788000
2021-05-05,AMZN,High-Growth Tech,163.53,74226000
2021-05-06,AMZN,High-Growth Tech,165.32,88954000
2021-05-07,AMZN,High-Growth Tech,164.58,94206000
2021-05-10,AMZN,High-Growth Tech,159.52,116772000
2021-05-11,AMZN,High-Growth Tech,161.2,92396000
2021-05-12,AMZN,High-Growth Tech,157.6,98728000
2021-05-13,AMZN,High-Growth Tech,158.07,67018000
2021-05-14,AMZN,High-Growth Tech,161.15,66500000
2021-05-17,AMZN,High-Growth Tech,163.52,74478000
2021-05-18,AMZN,High-Growth Tech,161.61,56568000
2021-05-19,AMZN,High-Growth Tech,161.59,53594000
2021-05-20,AMZN,High-Growth Tech,162.38,52664000
2021-05-21,AMZN,High-Growth Tech,160.15,82098000
2021-05-24,AMZN,High-Growth Tech,162.25,48456000
2021-05-25,AMZN,High-Growth Tech,162.95,65222000
2021-05-26,AMZN,High-Growth Tech,163.26,47680000
2021-05-27,AMZN,High-Growth Tech,161.51,51224000
2021-05-28,AMZN,High-Growth Tech,161.15,46596000
2021-06-01,AMZN,High-Growth Tech,160.93,48600000
2021-06-02,AMZN,High-Growth Tech,161.7,40290000
2021-06-03,AMZN,High-Growth Tech,159.35,47966000
2021-06-04,AMZN,High-Growth Tech,160.31,44994000
2021-06-07,AMZN,High-Growth Tech,159.9,44316000
2021-06-08,AMZN,High-Growth Tech,163.21,68334000
2021-06-09,AMZN,High-Growth Tech,164.06,49110000
2021-06-10,AMZN,High-Growth Tech,167.48,69530000
2021-06-11,AMZN,High-Growth Tech,167.34,56348000
2021-06-14,AMZN,High-Growth Tech,169.19,51394000
2021-06-15,AMZN,High-Growth Tech,169.16,48524000
2021-06-16,AMZN,High-Growth Tech,170.76,84056000
2021-06-17,AMZN,High-Growth Tech,174.46,102730000
2021-06-18,AMZN,High-Growth Tech,174.35,104954000
2021-06-21,AMZN,High-Growth Tech,172.7,65542000
2021-06-22,AMZN,High-Growth Tech,175.27,66902000
2021-06-23,AMZN,High-Growth Tech,175.19,56266000
2021-06-24,AMZN,High-Growth Tech,172.45,76640000
2021-06-25,AMZN,High-Growth Tech,170.07,78820000
2021-06-28,AMZN,High-Growth Tech,172.19,44856000
2021-06-29,AMZN,High-Growth Tech,172.41,41968000
2021-06-30,AMZN,High-Growth Tech,172.01,48080000
2021-07-01,AMZN,High-Growth Tech,171.65,40742000
2021-07-02,AMZN,High-Growth Tech,175.55,63388000
2021-07-06,AMZN,High-Growth Tech,183.79,134896000
2021-07-07,AMZN,High-Growth Tech,184.83,106562000
2021-07-08,AMZN,High-Growth Tech,186.57,103612000
2021-07-09,AMZN,High-Growth Tech,185.97,74964000
2021-07-12,AMZN,High-Growth Tech,185.93,51432000
2021-07-13,AMZN,High-Growth Tech,183.87,76918000
2021-07-14,AMZN,High-Growth Tech,184.08,65932000
2021-07-15,AMZN,High-Growth Tech,181.56,63706000
2021-07-16,AMZN,High-Growth Tech,178.68,80874000
2021-07-19,AMZN,High-Growth Tech,177.48,75692000
2021-07-20,AMZN,High-Growth Tech,178.66,65114000
2021-07-21,AMZN,High-Growth Tech,179.26,46380000
2021-07-22,AMZN,High-Growth Tech,181.9,65308000
2021-07-23,AMZN,High-Growth Tech,182.83,48726000
2021-07-26,AMZN,High-Growth Tech,184.99,58002000
2021-07-27,AMZN,High-Growth Tech,181.32,82638000
2021-07-28,AMZN,High-Growth Tech,181.52,59988000
2021-07-29,AMZN,High-Growth Tech,180.0,110400000
2021-07-30,AMZN,High-Growth Tech,166.38,199312000
2021-08-02,AMZN,High-Growth Tech,166.57,67078000
2021-08-03,AMZN,High-Growth Tech,168.31,83146000
2021-08-04,AMZN,High-Growth Tech,167.74,43678000
2021-08-05,AMZN,High-Growth Tech,168.8,48670000
2021-08-06,AMZN,High-Growth Tech,167.25,52752000
2021-08-09,AMZN,High-Growth Tech,167.09,42964000
2021-08-10,AMZN,High-Growth Tech,166.03,48252000
2021-08-11,AMZN,High-Growth Tech,164.61,58944000
2021-08-12,AMZN,High-Growth Tech,165.18,46282000
2021-08-13,AMZN,High-Growth Tech,164.7,41134000
2021-08-16,AMZN,High-Growth Tech,164.95,66394000
2021-08-17,AMZN,High-Growth Tech,162.1,67758000
2021-08-18,AMZN,High-Growth Tech,160.06,56086000
2021-08-19,AMZN,High-Growth Tech,159.39,75658000
2020-09-29,JPM,Traditional Value,82.18,12848200
2020-09-30,JPM,Traditional Value,82.97,16400600
2020-10-01,JPM,Traditional Value,83.58,15778700
2020-10-02,JPM,Traditional Value,84.37,15149600
2020-10-05,JPM,Traditional Value,86.15,13871900
2020-10-06,JPM,Traditional Value,85.27,19220400
2020-10-07,JPM,Traditional Value,86.75,16358500
2020-10-08,JPM,Traditional Value,88.54,15659000
2020-10-09,JPM,Traditional Value,88.03,13689100
2020-10-12,JPM,Traditional Value,89.11,16058000
2020-10-13,JPM,Traditional Value,87.67,21697300
2020-10-14,JPM,Traditional Value,87.18,15204100
2020-10-15,JPM,Traditional Value,88.48,17171200
2020-10-16,JPM,Traditional Value,88.3,13275000
2020-10-19,JPM,Traditional Value,86.81,11725700
2020-10-20,JPM,Traditional Value,87.31,11257100
2020-10-21,JPM,Traditional Value,86.44,10730500
2020-10-22,JPM,Traditional Value,89.49,14837200
2020-10-23,JPM,Traditional Value,90.3,15087600
2020-10-26,JPM,Traditional Value,88.07,12410700
2020-10-27,JPM,Traditional Value,86.41,10391700
2020-10-28,JPM,Traditional Value,83.98,16389500
2020-10-29,JPM,Traditional Value,84.53,14208800
2020-10-30,JPM,Traditional Value,85.28,15194500
2020-11-02,JPM,Traditional Value,87.21,15011600
2020-11-03,JPM,Traditional Value,89.95,17482600
2020-11-04,JPM,Traditional Value,87.21,18886500
2020-11-05,JPM,Traditional Value,90.77,17837400
2020-11-06,JPM,Traditional Value,89.56,12552800
2020-11-09,JPM,Traditional Value,101.69,47792400
2020-11-10,JPM,Traditional Value,101.36,20539300
2020-11-11,JPM,Traditional Value,99.84,14443400
2020-11-12,JPM,Traditional Value,98.62,22063000
2020-11-13,JPM,Traditional Value,99.24,11847900
2020-11-16,JPM,Traditional Value,102.04,19858600
2020-11-17,JPM,Traditional Value,101.0,14553200
2020-11-18,JPM,Traditional Value,100.25,12571200
2020-11-19,JPM,Traditional Value,100.52,10202500
2020-11-20,JPM,Traditional Value,99.66,12718900
2020-11-23,JPM,Traditional Value,102.53,13209200
2020-11-24,JPM,Traditional Value,107.27,20121600
2020-11-25,JPM,Traditional Value,106.15,11715600
2020-11-27,JPM,Traditional Value,105.45,5983600
2020-11-30,JPM,Traditional Value,102.54,14411800
2020-12-01,JPM,Traditional Value,104.16,12668900
2020-12-02,JPM,Traditional Value,106.16,10811300
2020-12-03,JPM,Traditional Value,105.46,12904400
2020-12-04,JPM,Traditional Value,106.42,13583700
2020-12-07,JPM,Traditional Value,106.02,9724300
2020-12-08,JPM,Traditional Value,106.13,9592100
2020-12-09,JPM,Traditional Value,105.3,13073900
2020-12-10,JPM,Traditional Value,104.62,13668400
2020-12-11,JPM,Traditional Value,104.0,9981600
2020-12-14,JPM,Traditional Value,102.91,12112400
2020-12-15,JPM,Traditional Value,104.66,12590200
2020-12-16,JPM,Traditional Value,104.97,11169400
2020-12-17,JPM,Traditional Value,104.1,11618000
2020-12-18,JPM,Traditional Value,103.59,28954800
2020-12-21,JPM,Traditional Value,107.47,28323600
2020-12-22,JPM,Traditional Value,105.84,11788200
2020-12-23,JPM,Traditional Value,108.8,14973200
2020-12-24,JPM,Traditional Value,108.32,4164900
2020-12-28,JPM,Traditional Value,109.03,8072600
2020-12-29,JPM,Traditional Value,108.74,8389200
2020-12-30,JPM,Traditional Value,109.05,7398000
2020-12-31,JPM,Traditional Value,110.54,8580200
2021-01-04,JPM,Traditional Value,109.49,16819900
2021-01-05,JPM,Traditional Value,110.09,13731200
2021-01-06,JPM,Traditional Value,115.26,24909100
2021-01-07,JPM,Traditional Value,119.04,21940400
2021-01-08,JPM,Traditional Value,119.17,12035100
2021-01-11,JPM,Traditional Value,120.95,15937900
2021-01-12,JPM,Traditional Value,122.85,18033500
2021-01-13,JPM,Traditional Value,122.97,14816800
2021-01-14,JPM,Traditional Value,123.69,18565600
2021-01-15,JPM,Traditional Value,121.47,27881000
2021-01-19,JPM,Traditional Value,120.94,19843800
2021-01-20,JPM,Traditional Value,119.13,16028800
2021-01-21,JPM,Traditional Value,118.13,13411700
2021-01-22,JPM,Traditional Value,117.22,12933200
2021-01-25,JPM,Traditional Value,115.76,14212800
2021-01-26,JPM,Traditional Value,115.28,11307800
2021-01-27,JPM,Traditional Value,112.02,17603900
2021-01-28,JPM,Traditional Value,113.99,13761800
2021-01-29,JPM,Traditional Value,112.73,14808100
2021-02-01,JPM,Traditional Value,113.57,11080700
2021-02-02,JPM,Traditional Value,117.06,12253600
2021-02-03,JPM,Traditional Value,118.4,10600800
2021-02-04,JPM,Traditional Value,121.13,12419500
2021-02-05,JPM,Traditional Value,120.89,10051300
2021-02-08,JPM,Traditional Value,122.78,10136400
2021-02-09,JPM,Traditional Value,122.29,8614800
2021-02-10,JPM,Traditional Value,122.36,10323200
2021-02-11,JPM,Traditional Value,122.02,9201000
2021-02-12,JPM,Traditional Value,123.76,8324600
2021-02-16,JPM,Traditional Value,126.73,12130600
2021-02-17,JPM,Traditional Value,127.13,10810100
2021-02-18,JPM,Traditional Value,127.56,10587800
2021-02-19,JPM,Traditional Value,129.69,11969800
2021-02-22,JPM,Traditional Value,130.9,11488400
2021-02-23,JPM,Traditional Value,131.96,16234400
2021-02-24,JPM,Traditional Value,134.28,15061400
2021-02-25,JPM,Traditional Value,132.46,18127700
2021-02-26,JPM,Traditional Value,128.94,19829200
2021-03-01,JPM,Traditional Value,131.86,14845500
2021-03-02,JPM,Traditional Value,131.43,14221700
2021-03-03,JPM,Traditional Value,133.97,14324100
2021-03-04,JPM,Traditional Value,131.91,20093900
2021-03-05,JPM,Traditional Value,132.22,18465100
2021-03-08,JPM,Traditional Value,133.97,17133300
2021-03-09,JPM,Traditional Value,133.02,16238800
2021-03-10,JPM,Traditional Value,135.92,14342200
2021-03-11,JPM,Traditional Value,135.21,11771500
2021-03-12,JPM,Traditional Value,136.81,12849500
2021-03-15,JPM,Traditional Value,136.13,12101100
2021-03-16,JPM,Traditional Value,134.5,12805600
2021-03-17,JPM,Traditional Value,135.88,13952400
2021-03-18,JPM,Traditional Value,138.12,21898500
2021-03-19,JPM,Traditional Value,135.92,54418800
2021-03-22,JPM,Traditional Value,132.27,19944800
2021-03-23,JPM,Traditional Value,130.95,17076300
2021-03-24,JPM,Traditional Value,131.96,13079800
2021-03-25,JPM,Traditional Value,133.66,15608300
2021-03-26,JPM,Traditional Value,135.88,16754400
2021-03-29,JPM,Traditional Value,133.77,17570300
2021-03-30,JPM,Traditional Value,135.35,13184300
2021-03-31,JPM,Traditional Value,133.38,16736700
2021-04-01,JPM,Traditional Value,134.67,16561500
2021-04-05,JPM,Traditional Value,135.39,13508000
2021-04-06,JPM,Traditional Value,134.43,13071600
2021-04-07,JPM,Traditional Value,136.54,16903500
2021-04-08,JPM,Traditional Value,136.71,12335500
2021-04-09,JPM,Traditional Value,137.73,12122400
2021-04-12,JPM,Traditional Value,137.44,12273400
2021-04-13,JPM,Traditional Value,135.8,16113600
2021-04-14,JPM,Traditional Value,133.26,19939600
2021-04-15,JPM,Traditional Value,134.11,17694100
2021-04-16,JPM,Traditional Value,135.1,13773400
2021-04-19,JPM,Traditional Value,134.53,11900200
2021-04-20,JPM,Traditional Value,131.55,13716700
2021-04-21,JPM,Traditional Value,132.67,12236700
2021-04-22,JPM,Traditional Value,129.88,15256100
2021-04-23,JPM,Traditional Value,132.36,14041900
2021-04-26,JPM,Traditional Value,132.69,10799100
2021-04-27,JPM,Traditional Value,133.3,12821200
2021-04-28,JPM,Traditional Value,134.16,8943700
2021-04-29,JPM,Traditional Value,136.77,12976900
2021-04-30,JPM,Traditional Value,135.55,11705100
2021-05-03,JPM,Traditional Value,135.16,11801100
2021-05-04,JPM,Traditional Value,137.02,12977700
2021-05-05,JPM,Traditional Value,138.82,10506700
2021-05-06,JPM,Traditional Value,141.62,13542400
2021-05-07,JPM,Traditional Value,142.1,14257800
2021-05-10,JPM,Traditional Value,142.08,14014300
2021-05-11,JPM,Traditional Value,139.72,15451700
2021-05-12,JPM,Traditional Value,138.76,14381700
2021-05-13,JPM,Traditional Value,142.33,15395000
2021-05-14,JPM,Traditional Value,144.54,10584000
2021-05-17,JPM,Traditional Value,145.12,9886800
2021-05-18,JPM,Traditional Value,143.08,11098100
2021-05-19,JPM,Traditional Value,141.99,13278900
2021-05-20,JPM,Traditional Value,141.74,10426000
2021-05-21,JPM,Traditional Value,143.35,10249000
2021-05-24,JPM,Traditional Value,144.13,9440300
2021-05-25,JPM,Traditional Value,142.64,12609100
2021-05-26,JPM,Traditional Value,142.62,13058300
2021-05-27,JPM,Traditional Value,144.84,15707500
2021-05-28,JPM,Traditional Value,144.75,10291300
2021-06-01,JPM,Traditional Value,146.34,9445400
2021-06-02,JPM,Traditional Value,146.35,10498600
2021-06-03,JPM,Traditional Value,146.45,13354400
2021-06-04,JPM,Traditional Value,146.68,8510800
2021-06-07,JPM,Traditional Value,146.0,7267200
2021-06-08,JPM,Traditional Value,145.41,10370700
2021-06-09,JPM,Traditional Value,143.6,12377400
2021-06-10,JPM,Traditional Value,141.36,12119400
2021-06-11,JPM,Traditional Value,141.26,13683800
2021-06-14,JPM,Traditional Value,138.87,19917900
2021-06-15,JPM,Traditional Value,136.76,24485500
2021-06-16,JPM,Traditional Value,137.72,25321200
2021-06-17,JPM,Traditional Value,133.75,29722400
2021-06-18,JPM,Traditional Value,130.36,43595700
2021-06-21,JPM,Traditional Value,132.57,18664800
2021-06-22,JPM,Traditional Value,132.38,14251200
2021-06-23,JPM,Traditional Value,133.18,12733300
2021-06-24,JPM,Traditional Value,134.41,13733200
2021-06-25,JPM,Traditional Value,135.76,15484900
2021-06-28,JPM,Traditional Value,136.01,14125800
2021-06-29,JPM,Traditional Value,135.84,14528700
2021-06-30,JPM,Traditional Value,137.08,12531000
2021-07-01,JPM,Traditional Value,138.44,10479400
2021-07-02,JPM,Traditional Value,138.3,11424000
2021-07-06,JPM,Traditional Value,135.98,15083400
2021-07-07,JPM,Traditional Value,136.14,12271800
2021-07-08,JPM,Traditional Value,133.79,17834600
2021-07-09,JPM,Traditional Value,138.07,13694500
2021-07-12,JPM,Traditional Value,140.05,19940400
2021-07-13,JPM,Traditional Value,137.97,22671700
2021-07-14,JPM,Traditional Value,137.5,14622800
2021-07-15,JPM,Traditional Value,137.8,11539300
2021-07-16,JPM,Traditional Value,134.65,14002700
2021-07-19,JPM,Traditional Value,130.27,22172900
2021-07-20,JPM,Traditional Value,132.7,15385200
2021-07-21,JPM,Traditional Value,135.49,12356700
2021-07-22,JPM,Traditional Value,133.78,9913300
2021-07-23,JPM,Traditional Value,133.52,9666100
2021-07-26,JPM,Traditional Value,134.42,8208000
2021-07-27,JPM,Traditional Value,134.24,11218700
2021-07-28,JPM,Traditional Value,134.46,9217300
2021-07-29,JPM,Traditional Value,135.62,9063500
2021-07-30,JPM,Traditional Value,134.53,9805200
2021-08-02,JPM,Traditional Value,133.99,10203200
2021-08-03,JPM,Traditional Value,135.52,10394800
2021-08-04,JPM,Traditional Value,134.06,10155000
2021-08-05,JPM,Traditional Value,135.75,9151500
2021-08-06,JPM,Traditional Value,139.61,13328800
2021-08-09,JPM,Traditional Value,139.45,9516900
2021-08-10,JPM,Traditional Value,141.17,8667000
2021-08-11,JPM,Traditional Value,142.85,9156500
2021-08-12,JPM,Traditional Value,143.41,8844200
2021-08-13,JPM,Traditional Value,141.8,8980900
2021-08-16,JPM,Traditional Value,140.87,8755800
2021-08-17,JPM,Traditional Value,139.17,9347200
2021-08-18,JPM,Traditional Value,137.9,8065500
2021-08-19,JPM,Traditional Value,136.75,9517700
2020-09-29,XOM,Traditional Value,27.18,20770500
2020-09-30,XOM,Traditional Value,27.22,22223700
2020-10-01,XOM,Traditional Value,26.26,36890200
2020-10-02,XOM,Traditional Value,26.15,32694300
2020-10-05,XOM,Traditional Value,26.75,22965200
2020-10-06,XOM,Traditional Value,26.47,26731800
2020-10-07,XOM,Traditional Value,26.56,23779300
2020-10-08,XOM,Traditional Value,27.95,34413700
2020-10-09,XOM,Traditional Value,27.54,29228600
2020-10-12,XOM,Traditional Value,27.45,17912800
2020-10-13,XOM,Traditional Value,27.13,20995100
2020-10-14,XOM,Traditional Value,27.07,17743000
2020-10-15,XOM,Traditional Value,27.31,23251600
2020-10-16,XOM,Traditional Value,27.03,22627200
2020-10-19,XOM,Traditional Value,26.49,23645800
2020-10-20,XOM,Traditional Value,26.72,23040600
2020-10-21,XOM,Traditional Value,26.29,28619300
2020-10-22,XOM,Traditional Value,27.64,31831500
2020-10-23,XOM,Traditional Value,27.08,27429100
2020-10-26,XOM,Traditional Value,26.44,30888700
2020-10-27,XOM,Traditional Value,26.02,27100700
2020-10-28,XOM,Traditional Value,25.03,42136400
2020-10-29,XOM,Traditional Value,26.14,38622800
2020-10-30,XOM,Traditional Value,25.86,47885700
2020-11-02,XOM,Traditional Value,26.95,40130300
2020-11-03,XOM,Traditional Value,26.49,36773000
2020-11-04,XOM,Traditional Value,26.34,35410100
2020-11-05,XOM,Traditional Value,26.3,30824100
2020-11-06,XOM,Traditional Value,25.99,33985600
2020-11-09,XOM,Traditional Value,29.28,76879400
2020-11-10,XOM,Traditional Value,29.93,49055400
2020-11-11,XOM,Traditional Value,29.62,34124500
2020-11-12,XOM,Traditional Value,28.6,30933700
2020-11-13,XOM,Traditional Value,29.29,29241500
2020-11-16,XOM,Traditional Value,30.98,38596800
2020-11-17,XOM,Traditional Value,31.4,26521100
2020-11-18,XOM,Traditional Value,30.21,31068000
2020-11-19,XOM,Traditional Value,30.37,26954400
2020-11-20,XOM,Traditional Value,29.99,18351000
2020-11-23,XOM,Traditional Value,31.96,29367600
2020-11-24,XOM,Traditional Value,34.08,46979300
2020-11-25,XOM,Traditional Value,33.13,28178200
2020-11-27,XOM,Traditional Value,32.63,14971900
2020-11-30,XOM,Traditional Value,30.96,45614300
2020-12-01,XOM,Traditional Value,31.26,32472900
2020-12-02,XOM,Traditional Value,32.43,29369500
2020-12-03,XOM,Traditional Value,32.65,27038900
2020-12-04,XOM,Traditional Value,33.84,28723600
2020-12-07,XOM,Traditional Value,33.21,24899400
2020-12-08,XOM,Traditional Value,34.29,32573800
2020-12-09,XOM,Traditional Value,34.75,37824800
2020-12-10,XOM,Traditional Value,35.73,38058700
2020-12-11,XOM,Traditional Value,35.56,25478800
2020-12-14,XOM,Traditional Value,34.28,30595000
2020-12-15,XOM,Traditional Value,34.94,27138400
2020-12-16,XOM,Traditional Value,35.48,34273000
2020-12-17,XOM,Traditional Value,35.3,21204600
2020-12-18,XOM,Traditional Value,34.69,46596800
2020-12-21,XOM,Traditional Value,34.06,27869500
2020-12-22,XOM,Traditional Value,33.48,21792900
2020-12-23,XOM,Traditional Value,33.91,19085900
2020-12-24,XOM,Traditional Value,33.77,8039000
2020-12-28,XOM,Traditional Value,33.89,23877500
2020-12-29,XOM,Traditional Value,33.51,20287700
2020-12-30,XOM,Traditional Value,33.77,23807300
2020-12-31,XOM,Traditional Value,33.47,22786500
2021-01-04,XOM,Traditional Value,33.69,27764700
2021-01-05,XOM,Traditional Value,35.32,44035100
2021-01-06,XOM,Traditional Value,36.22,36484800
2021-01-07,XOM,Traditional Value,36.5,29528100
2021-01-08,XOM,Traditional Value,36.91,28628200
2021-01-11,XOM,Traditional Value,38.03,38246200
2021-01-12,XOM,Traditional Value,38.87,36915100
2021-01-13,XOM,Traditional Value,39.31,29000300
2021-01-14,XOM,Traditional Value,40.85,35474800
2021-01-15,XOM,Traditional Value,38.88,42411300
2021-01-19,XOM,Traditional Value,39.65,24932600
2021-01-20,XOM,Traditional Value,40.21,22342400
2021-01-21,XOM,Traditional Value,39.06,29044500
2021-01-22,XOM,Traditional Value,38.51,23264800
2021-01-25,XOM,Traditional Value,38.08,26395800
2021-01-26,XOM,Traditional Value,37.24,23976800
2021-01-27,XOM,Traditional Value,36.82,32410300
2021-01-28,XOM,Traditional Value,37.4,24967200
2021-01-29,XOM,Traditional Value,36.41,38961100
2021-02-01,XOM,Traditional Value,36.47,24412400
2021-02-02,XOM,Traditional Value,37.05,31940400
2021-02-03,XOM,Traditional Value,38.5,28459300
2021-02-04,XOM,Traditional Value,39.24,25280300
2021-02-05,XOM,Traditional Value,40.55,34980100
2021-02-08,XOM,Traditional Value,42.3,36998700
2021-02-09,XOM,Traditional Value,41.8,28977000
2021-02-10,XOM,Traditional Value,42.21,25723800
2021-02-11,XOM,Traditional Value,41.15,26972200
2021-02-12,XOM,Traditional Value,41.71,19756700
2021-02-16,XOM,Traditional Value,42.97,28060100
2021-02-17,XOM,Traditional Value,43.64,25509700
2021-02-18,XOM,Traditional Value,42.95,20627600
2021-02-19,XOM,Traditional Value,43.24,22607200
2021-02-22,XOM,Traditional Value,44.83,36435100
2021-02-23,XOM,Traditional Value,45.45,33527900
2021-02-24,XOM,Traditional Value,46.82,28728600
2021-02-25,XOM,Traditional Value,46.04,29670900
2021-02-26,XOM,Traditional Value,44.89,35291000
2021-03-01,XOM,Traditional Value,46.57,36998300
2021-03-02,XOM,Traditional Value,46.3,30302600
2021-03-03,XOM,Traditional Value,46.67,35358900
2021-03-04,XOM,Traditional Value,48.48,52137500
2021-03-05,XOM,Traditional Value,50.31,51429800
2021-03-08,XOM,Traditional Value,50.26,38154600
2021-03-09,XOM,Traditional Value,49.48,35645900
2021-03-10,XOM,Traditional Value,51.0,31579100
2021-03-11,XOM,Traditional Value,50.62,24802600
2021-03-12,XOM,Traditional Value,51.17,20422700
2021-03-15,XOM,Traditional Value,49.86,31243600
2021-03-16,XOM,Traditional Value,48.81,30624800
2021-03-17,XOM,Traditional Value,49.02,25575500
2021-03-18,XOM,Traditional Value,46.91,38622800
2021-03-19,XOM,Traditional Value,46.64,84439400
2021-03-22,XOM,Traditional Value,46.16,29315100
2021-03-23,XOM,Traditional Value,45.59,33493300
2021-03-24,XOM,Traditional Value,46.52,29781800
2021-03-25,XOM,Traditional Value,46.39,31495900
2021-03-26,XOM,Traditional Value,47.65,34226500
2021-03-29,XOM,Traditional Value,47.39,21144400
2021-03-30,XOM,Traditional Value,46.81,20303400
2021-03-31,XOM,Traditional Value,46.1,23686500
2021-04-01,XOM,Traditional Value,47.39,23194500
2021-04-05,XOM,Traditional Value,46.65,23264800
2021-04-06,XOM,Traditional Value,46.52,18926300
2021-04-07,XOM,Traditional Value,46.73,22385000
2021-04-08,XOM,Traditional Value,46.24,21999300
2021-04-09,XOM,Traditional Value,46.13,20020700
2021-04-12,XOM,Traditional Value,45.83,20238800
2021-04-13,XOM,Traditional Value,46.0,19370600
2021-04-14,XOM,Traditional Value,47.33,28051100
2021-04-15,XOM,Traditional Value,47.05,23250300
2021-04-16,XOM,Traditional Value,46.78,22752000
2021-04-19,XOM,Traditional Value,46.63,21123300
2021-04-20,XOM,Traditional Value,45.65,21782100
2021-04-21,XOM,Traditional Value,46.24,16625600
2021-04-22,XOM,Traditional Value,45.64,21600100
2021-04-23,XOM,Traditional Value,45.88,15337900
2021-04-26,XOM,Traditional Value,45.97,16083800
2021-04-27,XOM,Traditional Value,46.58,19278600
2021-04-28,XOM,Traditional Value,47.98,24729800
2021-04-29,XOM,Traditional Value,48.67,27318400
2021-04-30,XOM,Traditional Value,47.26,30518400
2021-05-03,XOM,Traditional Value,48.57,20509600
2021-05-04,XOM,Traditional Value,48.87,23522200
2021-05-05,XOM,Traditional Value,50.34,31526200
2021-05-06,XOM,Traditional Value,50.82,26836800
2021-05-07,XOM,Traditional Value,51.55,33610600
2021-05-10,XOM,Traditional Value,51.67,31956600
2021-05-11,XOM,Traditional Value,50.03,34563800
2021-05-12,XOM,Traditional Value,50.3,34426500
2021-05-13,XOM,Traditional Value,49.68,24268200
2021-05-14,XOM,Traditional Value,50.91,20735400
2021-05-17,XOM,Traditional Value,52.1,25282500
2021-05-18,XOM,Traditional Value,50.62,25170800
2021-05-19,XOM,Traditional Value,49.41,28889800
2021-05-20,XOM,Traditional Value,49.29,20692500
2021-05-21,XOM,Traditional Value,49.36,20792700
2021-05-24,XOM,Traditional Value,49.94,18400300
2021-05-25,XOM,Traditional Value,48.81,25616100
2021-05-26,XOM,Traditional Value,49.37,21698700
2021-05-27,XOM,Traditional Value,49.06,33556000
2021-05-28,XOM,Traditional Value,48.9,19246800
2021-06-01,XOM,Traditional Value,50.65,28474200
2021-06-02,XOM,Traditional Value,51.05,22978300
2021-06-03,XOM,Traditional Value,51.25,20272800
2021-06-04,XOM,Traditional Value,51.48,20427800
2021-06-07,XOM,Traditional Value,51.14,15477900
2021-06-08,XOM,Traditional Value,52.05,28953400
2021-06-09,XOM,Traditional Value,52.48,29133000
2021-06-10,XOM,Traditional Value,52.57,27488700
2021-06-11,XOM,Traditional Value,52.08,17631700
2021-06-14,XOM,Traditional Value,52.0,16997200
2021-06-15,XOM,Traditional Value,53.89,30717100
2021-06-16,XOM,Traditional Value,53.7,24803200
2021-06-17,XOM,Traditional Value,51.93,28491800
2021-06-18,XOM,Traditional Value,50.6,39590700
2021-06-21,XOM,Traditional Value,52.43,33145400
2021-06-22,XOM,Traditional Value,53.44,25140400
2021-06-23,XOM,Traditional Value,53.83,20701600
2021-06-24,XOM,Traditional Value,54.05,19568400
2021-06-25,XOM,Traditional Value,54.17,18438300
2021-06-28,XOM,Traditional Value,52.78,20570000
2021-06-29,XOM,Traditional Value,52.46,19579300
2021-06-30,XOM,Traditional Value,52.84,17875500
2021-07-01,XOM,Traditional Value,52.99,22530300
2021-07-02,XOM,Traditional Value,52.92,14555300
2021-07-06,XOM,Traditional Value,51.41,22110800
2021-07-07,XOM,Traditional Value,50.61,21671400
2021-07-08,XOM,Traditional Value,50.38,18935900
2021-07-09,XOM,Traditional Value,51.29,20086000
2021-07-12,XOM,Traditional Value,51.24,21809400
2021-07-13,XOM,Traditional Value,51.0,17147300
2021-07-14,XOM,Traditional Value,49.87,21573600
2021-07-15,XOM,Traditional Value,49.38,15851100
2021-07-16,XOM,Traditional Value,48.02,27049500
2021-07-19,XOM,Traditional Value,46.37,37969100
2021-07-20,XOM,Traditional Value,46.88,26756100
2021-07-21,XOM,Traditional Value,48.39,20908700
2021-07-22,XOM,Traditional Value,47.84,13493800
2021-07-23,XOM,Traditional Value,47.78,14088200
2021-07-26,XOM,Traditional Value,48.99,18387600
2021-07-27,XOM,Traditional Value,48.45,16861400
2021-07-28,XOM,Traditional Value,48.77,16855300
2021-07-29,XOM,Traditional Value,49.37,18607800
2021-07-30,XOM,Traditional Value,48.23,28652800
2021-08-02,XOM,Traditional Value,48.24,20873800
2021-08-03,XOM,Traditional Value,48.76,18208200
2021-08-04,XOM,Traditional Value,47.62,20868300
2021-08-05,XOM,Traditional Value,47.92,15180200
2021-08-06,XOM,Traditional Value,48.47,14888500
2021-08-09,XOM,Traditional Value,47.92,17828200
2021-08-10,XOM,Traditional Value,48.74,16340200
2021-08-11,XOM,Traditional Value,48.88,18278600
2021-08-12,XOM,Traditional Value,48.77,19225500
2021-08-13,XOM,Traditional Value,48.28,20063000
2021-08-16,XOM,Traditional Value,47.57,16959500
2021-08-17,XOM,Traditional Value,47.25,16243700
2021-08-18,XOM,Traditional Value,46.25,21890500
2021-08-19,XOM,Traditional Value,44.84,30923500
